Id,Category
0,12
1,8
2,12
3,16
4,8
5,9
6,12
7,8
8,4
9,6
10,4
11,4
12,12
13,8
14,8
15,4
16,4
17,12
18,3
19,1
20,16
21,1
22,2
23,3
24,6
25,16
26,3
27,8
28,9
29,1
30,6
31,3
32,8
33,3
34,2
35,3
36,1
37,2
38,12
39,1
40,4
41,3
42,6
43,4
44,2
45,2
46,16
47,8
48,2
49,8
50,2
51,2
52,4
53,8
54,12
55,8
56,4
57,4
58,3
59,2
60,8
61,4
62,3
63,8
64,12
65,2
66,6
67,6
68,9
69,6
70,4
71,6
72,3
73,3
74,8
75,9
76,12
77,4
78,4
79,6
80,8
81,4
82,2
83,3
84,16
85,2
86,3
87,4
88,16
89,6
90,3
91,3
92,6
93,4
94,12
95,4
96,8
97,1
98,3
99,3
100,16
101,8
102,4
103,4
104,4
105,12
106,8
107,1
108,4
109,12
110,4
111,6
112,12
113,1
114,9
115,2
116,4
117,4
118,3
119,2
120,3
121,4
122,8
123,16
124,9
125,4
126,4
127,16
128,9
129,12
130,3
131,6
132,8
133,4
134,8
135,4
136,4
137,9
138,6
139,6
140,8
141,8
142,4
143,4
144,2
145,6
146,2
147,3
148,1
149,3
150,2
151,8
152,4
153,4
154,6
155,6
156,8
157,4
158,3
159,2
160,2
161,3
162,3
163,2
164,3
165,12
166,3
167,12
168,2
169,1
170,12
171,12
172,12
173,2
174,6
175,4
176,8
177,4
178,6
179,6
180,12
181,8
182,3
183,12
184,1
185,2
186,12
187,1
188,6
189,4
190,1
191,4
192,2
193,4
194,12
195,3
196,12
197,6
198,9
199,12
200,8
201,12
202,12
203,4
204,4
205,16
206,12
207,9
208,2
209,2
210,2
211,9
212,6
213,8
214,16
215,2
216,4
217,8
218,1
219,3
220,4
221,12
222,9
223,6
224,4
225,1
226,16
227,12
228,2
229,1
230,8
231,1
232,1
233,12
234,8
235,2
236,12
237,6
238,1
239,6
240,6
241,2
242,8
243,8
244,4
245,6
246,8
247,16
248,2
249,4
250,1
251,4
252,8
253,6
254,6
255,6
256,4
257,4
258,2
259,1
260,6
261,1
262,3
263,9
264,8
265,3
266,3
267,12
268,12
269,1
270,1
271,1
272,8
273,16
274,3
275,9
276,4
277,6
278,3
279,2
280,2
281,3
282,8
283,1
284,6
285,12
286,12
287,12
288,3
289,2
290,9
291,6
292,3
293,1
294,1
295,8
296,1
297,3
298,16
299,3
300,3
301,12
302,2
303,2
304,4
305,4
306,12
307,2
308,6
309,2
310,6
311,4
312,9
313,12
314,16
315,2
316,3
317,4
318,16
319,4
320,2
321,3
322,2
323,6
324,6
325,6
326,4
327,12
328,8
329,4
330,8
331,2
332,3
333,4
334,8
335,8
336,4
337,9
338,3
339,3
340,2
341,4
342,4
343,1
344,12
345,4
346,4
347,12
348,3
349,6
350,2
351,9
352,2
353,9
354,4
355,12
356,8
357,9
358,1
359,3
360,6
361,2
362,2
363,2
364,2
365,4
366,3
367,2
368,4
369,3
370,6
371,4
372,16
373,4
374,4
375,4
376,4
377,2
378,6
379,1
380,4
381,4
382,2
383,3
384,9
385,8
386,9
387,8
388,8
389,6
390,1
391,3
392,4
393,1
394,4
395,3
396,3
397,2
398,2
399,1
400,4
401,3
402,2
403,2
404,4
405,3
406,8
407,16
408,1
409,3
410,8
411,4
412,8
413,8
414,6
415,6
416,12
417,3
418,6
419,16
420,16
421,4
422,4
423,3
424,12
425,4
426,9
427,12
428,6
429,4
430,4
431,1
432,9
433,3
434,4
435,3
436,9
437,2
438,3
439,12
440,8
441,6
442,4
443,12
444,6
445,8
446,8
447,12
448,12
449,2
450,3
451,3
452,6
453,4
454,4
455,4
456,2
457,8
458,3
459,4
460,1
461,1
462,2
463,3
464,2
465,4
466,1
467,2
468,3
469,2
470,9
471,2
472,1
473,1
474,1
475,6
476,2
477,4
478,12
479,4
480,4
481,2
482,3
483,8
484,2
485,12
486,3
487,12
488,4
489,12
490,6
491,4
492,12
493,12
494,9
495,4
496,1
497,16
498,4
499,9
500,8
501,3
502,3
503,6
504,3
505,12
506,2
507,2
508,16
509,12
510,8
511,9
512,3
513,9
514,3
515,8
516,4
517,4
518,1
519,8
520,6
521,4
522,4
523,6
524,4
525,9
526,8
527,2
528,8
529,1
530,8
531,8
532,8
533,16
534,3
535,4
536,8
537,3
538,4
539,6
540,12
541,3
542,4
543,2
544,8
545,8
546,1
547,4
548,6
549,2
550,4
551,9
552,6
553,4
554,3
555,4
556,8
557,2
558,4
559,2
560,6
561,4
562,2
563,2
564,2
565,4
566,12
567,2
568,6
569,4
570,3
571,8
572,6
573,6
574,2
575,16
576,12
577,16
578,9
579,12
580,4
581,4
582,6
583,4
584,2
585,2
586,3
587,3
588,16
589,4
590,4
591,3
592,3
593,6
594,6
595,12
596,2
597,3
598,6
599,12
600,9
601,1
602,1
603,3
604,9
605,9
606,3
607,12
608,4
609,2
610,6
611,8
612,9
613,8
614,9
615,2
616,6
617,8
618,6
619,2
620,2
621,8
622,6
623,4
624,9
625,12
626,8
627,12
628,12
629,8
630,6
631,4
632,4
633,3
634,8
635,2
636,1
637,2
638,4
639,12
640,6
641,3
642,6
643,16
644,8
645,8
646,8
647,2
648,8
649,9
650,4
651,4
652,1
653,4
654,16
655,4
656,1
657,6
658,12
659,6
660,3
661,9
662,1
663,4
664,12
665,6
666,8
667,1
668,8
669,4
670,12
671,4
672,2
673,6
674,8
675,2
676,12
677,16
678,8
679,16
680,4
681,6
682,1
683,8
684,1
685,6
686,3
687,4
688,12
689,4
690,12
691,8
692,6
693,4
694,3
695,12
696,2
697,4
698,2
699,4
700,4
701,6
702,3
703,8
704,4
705,1
706,6
707,3
708,9
709,4
710,4
711,12
712,16
713,3
714,4
715,6
716,8
717,2
718,4
719,8
720,12
721,16
722,4
723,6
724,12
725,9
726,3
727,6
728,1
729,16
730,6
731,12
732,1
733,4
734,6
735,2
736,1
737,2
738,3
739,1
740,9
741,16
742,3
743,2
744,2
745,4
746,12
747,4
748,3
749,8
750,6
751,3
752,3
753,3
754,6
755,12
756,8
757,2
758,4
759,16
760,2
761,3
762,16
763,16
764,6
765,8
766,4
767,1
768,16
769,12
770,12
771,3
772,8
773,1
774,12
775,4
776,9
777,12
778,16
779,3
780,8
781,4
782,4
783,12
784,9
785,4
786,6
787,2
788,4
789,3
790,2
791,12
792,2
793,3
794,8
795,4
796,8
797,12
798,6
799,6
800,8
801,6
802,1
803,3
804,2
805,4
806,8
807,2
808,3
809,8
810,4
811,2
812,16
813,6
814,3
815,6
816,8
817,12
818,9
819,6
820,3
821,2
822,16
823,9
824,2
825,4
826,4
827,12
828,6
829,8
830,12
831,6
832,12
833,12
834,4
835,8
836,6
837,3
838,4
839,3
840,2
841,3
842,3
843,2
844,16
845,6
846,12
847,12
848,3
849,3
850,16
851,12
852,3
853,8
854,3
855,3
856,1
857,4
858,6
859,4
860,12
861,9
862,8
863,12
864,8
865,9
866,8
867,2
868,3
869,6
870,3
871,6
872,16
873,2
874,12
875,12
876,9
877,9
878,16
879,12
880,1
881,12
882,1
883,6
884,12
885,6
886,12
887,12
888,6
889,3
890,6
891,4
892,9
893,16
894,6
895,3
896,2
897,4
898,4
899,6
900,16
901,9
902,4
903,3
904,12
905,1
906,2
907,16
908,3
909,6
910,3
911,3
912,2
913,2
914,16
915,6
916,4
917,1
918,1
919,3
920,12
921,4
922,6
923,1
924,16
925,2
926,8
927,8
928,4
929,4
930,4
931,4
932,2
933,16
934,9
935,4
936,8
937,1
938,8
939,1
940,1
941,9
942,16
943,4
944,4
945,9
946,2
947,16
948,2
949,12
950,4
951,6
952,4
953,3
954,3
955,2
956,4
957,2
958,2
959,3
960,4
961,9
962,6
963,1
964,4
965,8
966,6
967,2
968,9
969,6
970,8
971,3
972,1
973,6
974,8
975,8
976,12
977,8
978,12
979,2
980,8
981,16
982,1
983,12
984,4
985,3
986,12
987,16
988,1
989,2
990,4
991,6
992,2
993,2
994,9
995,4
996,12
997,6
998,2
999,6
1000,3
1001,8
1002,1
1003,6
1004,8
1005,1
1006,3
1007,12
1008,6
1009,12
1010,4
1011,6
1012,16
1013,2
1014,4
1015,16
1016,1
1017,1
1018,3
1019,6
1020,16
1021,4
1022,4
1023,8
1024,12
1025,4
1026,16
1027,4
1028,6
1029,8
1030,6
1031,3
1032,3
1033,8
1034,2
1035,3
1036,8
1037,2
1038,8
1039,2
1040,4
1041,12
1042,3
1043,16
1044,8
1045,6
1046,2
1047,6
1048,8
1049,8
1050,2
1051,3
1052,12
1053,1
1054,3
1055,12
1056,12
1057,1
1058,4
1059,6
1060,6
1061,3
1062,3
1063,16
1064,3
1065,3
1066,2
1067,6
1068,16
1069,1
1070,12
1071,12
1072,8
1073,4
1074,3
1075,3
1076,8
1077,4
1078,3
1079,12
1080,3
1081,12
1082,16
1083,1
1084,4
1085,9
1086,8
1087,8
1088,6
1089,3
1090,3
1091,4
1092,2
1093,9
1094,6
1095,12
1096,8
1097,8
1098,6
1099,3
1100,1
1101,16
1102,8
1103,8
1104,1
1105,6
1106,6
1107,2
1108,3
1109,3
1110,3
1111,3
1112,6
1113,2
1114,6
1115,8
1116,4
1117,3
1118,3
1119,2
1120,9
1121,6
1122,1
1123,1
1124,1
1125,4
1126,8
1127,4
1128,3
1129,12
1130,8
1131,3
1132,16
1133,1
1134,3
1135,16
1136,2
1137,2
1138,8
1139,1
1140,12
1141,3
1142,3
1143,16
1144,2
1145,9
1146,4
1147,6
1148,4
1149,9
1150,12
1151,3
1152,12
1153,16
1154,6
1155,6
1156,1
1157,1
1158,12
1159,2
1160,8
1161,8
1162,6
1163,8
1164,2
1165,4
1166,12
1167,16
1168,4
1169,4
1170,3
1171,3
1172,3
1173,4
1174,4
1175,16
1176,4
1177,6
1178,6
1179,8
1180,6
1181,4
1182,2
1183,12
1184,1
1185,2
1186,6
1187,3
1188,12
1189,4
1190,4
1191,9
1192,4
1193,6
1194,9
1195,8
1196,3
1197,1
1198,2
1199,3
1200,3
1201,2
1202,8
1203,12
1204,8
1205,2
1206,2
1207,12
1208,6
1209,1
1210,3
1211,3
1212,8
1213,12
1214,8
1215,8
1216,6
1217,3
1218,2
1219,12
1220,3
1221,4
1222,12
1223,4
1224,3
1225,1
1226,3
1227,2
1228,4
1229,12
1230,12
1231,2
1232,4
1233,3
1234,12
1235,3
1236,16
1237,9
1238,9
1239,8
1240,4
1241,1
1242,4
1243,6
1244,1
1245,4
1246,3
1247,12
1248,12
1249,4
1250,4
1251,2
1252,12
1253,9
1254,1
1255,4
1256,9
1257,8
1258,3
1259,6
1260,12
1261,16
1262,16
1263,6
1264,9
1265,4
1266,6
1267,3
1268,3
1269,9
1270,12
1271,2
1272,2
1273,2
1274,3
1275,3
1276,2
1277,6
1278,12
1279,1
1280,3
1281,4
1282,1
1283,1
1284,2
1285,8
1286,8
1287,8
1288,3
1289,2
1290,6
1291,2
1292,8
1293,6
1294,4
1295,3
1296,12
1297,8
1298,3
1299,2
1300,2
1301,6
1302,2
1303,8
1304,1
1305,8
1306,12
1307,8
1308,8
1309,12
1310,8
1311,8
1312,2
1313,9
1314,3
1315,1
1316,3
1317,1
1318,3
1319,3
1320,8
1321,12
1322,4
1323,1
1324,6
1325,3
1326,2
1327,1
1328,4
1329,12
1330,4
1331,2
1332,9
1333,3
1334,8
1335,12
1336,4
1337,4
1338,6
1339,4
1340,1
1341,12
1342,4
1343,3
1344,6
1345,4
1346,2
1347,3
1348,16
1349,12
1350,4
1351,4
1352,8
1353,6
1354,3
1355,4
1356,4
1357,9
1358,6
1359,2
1360,12
1361,3
1362,8
1363,1
1364,4
1365,8
1366,6
1367,2
1368,4
1369,2
1370,3
1371,6
1372,3
1373,4
1374,4
1375,6
1376,3
1377,4
1378,9
1379,4
1380,16
1381,16
1382,2
1383,2
1384,6
1385,3
1386,1
1387,1
1388,16
1389,8
1390,4
1391,12
1392,3
1393,12
1394,2
1395,3
1396,6
1397,9
1398,2
1399,2
1400,1
1401,3
1402,3
1403,4
1404,4
1405,8
1406,9
1407,1
1408,4
1409,3
1410,8
1411,8
1412,8
1413,8
1414,16
1415,3
1416,3
1417,2
1418,2
1419,2
1420,2
1421,3
1422,1
1423,2
1424,1
1425,1
1426,3
1427,12
1428,3
1429,2
1430,9
1431,6
1432,8
1433,4
1434,12
1435,12
1436,4
1437,1
1438,12
1439,2
1440,8
1441,1
1442,2
1443,6
1444,2
1445,2
1446,9
1447,1
1448,8
1449,3
1450,3
1451,12
1452,9
1453,4
1454,2
1455,9
1456,9
1457,8
1458,12
1459,8
1460,3
1461,1
1462,3
1463,6
1464,12
1465,8
1466,4
1467,12
1468,1
1469,6
1470,4
1471,16
1472,8
1473,16
1474,2
1475,6
1476,6
1477,12
1478,8
1479,3
1480,3
1481,4
1482,6
1483,1
1484,12
1485,6
1486,1
1487,8
1488,16
1489,8
1490,2
1491,16
1492,8
1493,1
1494,8
1495,2
1496,6
1497,4
1498,4
1499,16
1500,2
1501,4
1502,3
1503,8
1504,2
1505,3
1506,1
1507,12
1508,4
1509,8
1510,4
1511,12
1512,6
1513,12
1514,6
1515,9
1516,8
1517,16
1518,1
1519,4
1520,8
1521,12
1522,9
1523,4
1524,16
1525,6
1526,12
1527,1
1528,8
1529,8
1530,4
1531,1
1532,4
1533,8
1534,4
1535,2
1536,16
1537,2
1538,2
1539,3
1540,4
1541,1
1542,6
1543,3
1544,4
1545,2
1546,12
1547,3
1548,3
1549,6
1550,6
1551,4
1552,16
1553,9
1554,8
1555,1
1556,12
1557,6
1558,12
1559,3
1560,4
1561,8
1562,4
1563,2
1564,3
1565,4
1566,6
1567,2
1568,4
1569,12
1570,4
1571,6
1572,12
1573,2
1574,8
1575,3
1576,4
1577,4
1578,8
1579,2
1580,3
1581,12
1582,4
1583,2
1584,2
1585,1
1586,6
1587,9
1588,12
1589,1
1590,3
1591,2
1592,8
1593,1
1594,1
1595,8
1596,2
1597,6
1598,9
1599,16
1600,6
1601,12
1602,6
1603,4
1604,3
1605,6
1606,3
1607,8
1608,3
1609,4
1610,8
1611,6
1612,4
1613,9
1614,2
1615,4
1616,12
1617,12
1618,1
1619,2
1620,2
1621,12
1622,4
1623,12
1624,9
1625,8
1626,8
1627,8
1628,6
1629,8
1630,12
1631,16
1632,8
1633,4
1634,2
1635,1
1636,4
1637,12
1638,2
1639,4
1640,4
1641,2
1642,12
1643,12
1644,3
1645,4
1646,12
1647,8
1648,2
1649,8
1650,16
1651,8
1652,2
1653,8
1654,4
1655,6
1656,16
1657,4
1658,12
1659,3
1660,12
1661,3
1662,4
1663,8
1664,16
1665,9
1666,8
1667,16
1668,12
1669,12
1670,12
1671,2
1672,6
1673,8
1674,1
1675,3
1676,12
1677,1
1678,2
1679,4
1680,9
1681,1
1682,4
1683,2
1684,4
1685,16
1686,16
1687,6
1688,2
1689,1
1690,8
1691,4
1692,3
1693,9
1694,12
1695,9
1696,3
1697,1
1698,16
1699,6
1700,8
1701,4
1702,3
1703,3
1704,16
1705,6
1706,9
1707,6
1708,12
1709,8
1710,4
1711,3
1712,6
1713,4
1714,12
1715,3
1716,8
1717,4
1718,8
1719,8
1720,8
1721,4
1722,2
1723,3
1724,12
1725,2
1726,1
1727,4
1728,2
1729,4
1730,8
1731,9
1732,4
1733,16
1734,3
1735,4
1736,12
1737,4
1738,2
1739,3
1740,2
1741,3
1742,8
1743,16
1744,6
1745,4
1746,3
1747,3
1748,6
1749,12
1750,6
1751,6
1752,3
1753,1
1754,6
1755,3
1756,3
1757,1
1758,4
1759,8
1760,8
1761,4
1762,3
1763,4
1764,8
1765,12
1766,1
1767,6
1768,9
1769,6
1770,4
1771,8
1772,3
1773,6
1774,3
1775,3
1776,4
1777,12
1778,2
1779,3
1780,12
1781,6
1782,3
1783,4
1784,8
1785,6
1786,2
1787,8
1788,6
1789,12
1790,2
1791,8
1792,3
1793,12
1794,1
1795,4
1796,16
1797,9
1798,4
1799,9
1800,6
1801,2
1802,4
1803,2
1804,16
1805,3
1806,16
1807,8
1808,4
1809,6
1810,3
1811,8
1812,8
1813,6
1814,1
1815,6
1816,3
1817,3
1818,9
1819,16
1820,16
1821,2
1822,8
1823,2
1824,16
1825,4
1826,12
1827,2
1828,16
1829,4
1830,2
1831,4
1832,12
1833,12
1834,8
1835,3
1836,4
1837,4
1838,3
1839,4
1840,3
1841,12
1842,6
1843,3
1844,3
1845,4
1846,1
1847,8
1848,2
1849,4
1850,6
1851,4
1852,3
1853,1
1854,3
1855,8
1856,1
1857,9
1858,4
1859,6
1860,9
1861,12
1862,8
1863,2
1864,2
1865,3
1866,6
1867,2
1868,3
1869,8
1870,3
1871,8
1872,2
1873,8
1874,4
1875,1
1876,16
1877,4
1878,6
1879,3
1880,4
1881,6
1882,8
1883,4
1884,4
1885,2
1886,9
1887,12
1888,6
1889,12
1890,2
1891,2
1892,1
1893,3
1894,3
1895,4
1896,2
1897,16
1898,4
1899,12
1900,2
1901,6
1902,8
1903,3
1904,8
1905,8
1906,12
1907,6
1908,12
1909,8
1910,8
1911,4
1912,16
1913,12
1914,8
1915,2
1916,3
1917,6
1918,8
1919,6
1920,8
1921,16
1922,9
1923,1
1924,1
1925,9
1926,9
1927,3
1928,3
1929,3
1930,16
1931,12
1932,12
1933,3
1934,1
1935,16
1936,4
1937,2
1938,3
1939,1
1940,6
1941,6
1942,2
1943,9
1944,3
1945,3
1946,3
1947,4
1948,3
1949,4
1950,3
1951,12
1952,8
1953,2
1954,6
1955,8
1956,12
1957,9
1958,9
1959,6
1960,8
1961,6
1962,6
1963,2
1964,4
1965,4
1966,4
1967,16
1968,4
1969,6
1970,3
1971,2
1972,16
1973,6
1974,1
1975,3
1976,6
1977,3
1978,16
1979,4
1980,6
1981,12
1982,2
1983,4
1984,3
1985,6
1986,2
1987,12
1988,9
1989,4
1990,12
1991,4
1992,8
1993,16
1994,2
1995,3
1996,2
1997,12
1998,12
1999,4
2000,8
2001,8
2002,4
2003,2
2004,8
2005,3
2006,2
2007,12
2008,1
2009,6
2010,12
2011,3
2012,3
2013,2
2014,4
2015,12
2016,4
2017,1
2018,12
2019,4
2020,3
2021,3
2022,12
2023,2
2024,2
2025,6
2026,2
2027,8
2028,6
2029,2
2030,1
2031,2
2032,6
2033,2
2034,2
2035,4
2036,4
2037,12
2038,12
2039,6
2040,8
2041,12
2042,2
2043,3
2044,8
2045,16
2046,4
2047,6
2048,3
2049,2
2050,12
2051,8
2052,4
2053,3
2054,4
2055,6
2056,2
2057,6
2058,1
2059,12
2060,12
2061,2
2062,4
2063,8
2064,8
2065,16
2066,16
2067,12
2068,2
2069,6
2070,4
2071,3
2072,2
2073,3
2074,8
2075,8
2076,4
2077,4
2078,6
2079,3
2080,12
2081,3
2082,3
2083,6
2084,8
2085,9
2086,4
2087,2
2088,6
2089,9
2090,2
2091,4
2092,3
2093,3
2094,1
2095,6
2096,8
2097,6
2098,4
2099,9
2100,1
2101,4
2102,4
2103,6
2104,12
2105,3
2106,9
2107,8
2108,4
2109,9
2110,4
2111,3
2112,4
2113,8
2114,4
2115,3
2116,4
2117,8
2118,8
2119,4
2120,6
2121,8
2122,8
2123,4
2124,3
2125,12
2126,8
2127,9
2128,16
2129,12
2130,9
2131,16
2132,2
2133,4
2134,3
2135,16
2136,3
2137,4
2138,9
2139,6
2140,2
2141,8
2142,8
2143,3
2144,1
2145,16
2146,3
2147,4
2148,6
2149,6
2150,3
2151,3
2152,4
2153,3
2154,4
2155,6
2156,12
2157,3
2158,4
2159,16
2160,12
2161,6
2162,4
2163,4
2164,3
2165,16
2166,4
2167,4
2168,8
2169,6
2170,9
2171,6
2172,4
2173,3
2174,9
2175,3
2176,2
2177,4
2178,4
2179,4
2180,8
2181,12
2182,3
2183,6
2184,2
2185,3
2186,6
2187,9
2188,12
2189,4
2190,8
2191,6
2192,4
2193,1
2194,3
2195,4
2196,12
2197,2
2198,3
2199,12
2200,4
2201,2
2202,9
2203,6
2204,2
2205,16
2206,16
2207,8
2208,2
2209,16
2210,2
2211,2
2212,2
2213,8
2214,12
2215,3
2216,3
2217,9
2218,3
2219,16
2220,9
2221,16
2222,8
2223,16
2224,9
2225,4
2226,9
2227,2
2228,4
2229,8
2230,4
2231,1
2232,6
2233,4
2234,9
2235,8
2236,3
2237,1
2238,3
2239,9
2240,3
2241,12
2242,3
2243,4
2244,8
2245,8
2246,4
2247,6
2248,2
2249,3
2250,12
2251,6
2252,4
2253,2
2254,1
2255,3
2256,4
2257,9
2258,16
2259,4
2260,2
2261,6
2262,2
2263,9
2264,6
2265,4
2266,9
2267,8
2268,1
2269,3
2270,3
2271,2
2272,8
2273,4
2274,3
2275,16
2276,8
2277,4
2278,16
2279,8
2280,3
2281,8
2282,2
2283,4
2284,1
2285,4
2286,4
2287,8
2288,12
2289,2
2290,1
2291,1
2292,4
2293,6
2294,4
2295,3
2296,2
2297,9
2298,16
2299,12
2300,2
2301,3
2302,12
2303,8
2304,6
2305,3
2306,6
2307,16
2308,3
2309,2
2310,9
2311,12
2312,3
2313,6
2314,6
2315,6
2316,3
2317,2
2318,16
2319,6
2320,8
2321,2
2322,8
2323,8
2324,16
2325,6
2326,3
2327,6
2328,4
2329,4
2330,4
2331,16
2332,8
2333,12
2334,8
2335,6
2336,12
2337,1
2338,9
2339,2
2340,8
2341,2
2342,16
2343,16
2344,9
2345,9
2346,6
2347,6
2348,4
2349,4
2350,4
2351,12
2352,4
2353,8
2354,4
2355,8
2356,1
2357,8
2358,4
2359,8
2360,3
2361,12
2362,4
2363,6
2364,4
2365,8
2366,6
2367,4
2368,8
2369,6
2370,12
2371,4
2372,6
2373,12
2374,12
2375,3
2376,4
2377,3
2378,2
2379,6
2380,2
2381,1
2382,9
2383,2
2384,3
2385,2
2386,1
2387,6
2388,6
2389,8
2390,3
2391,8
2392,2
2393,1
2394,16
2395,2
2396,12
2397,8
2398,12
2399,12
2400,8
2401,16
2402,4
2403,6
2404,2
2405,1
2406,12
2407,3
2408,8
2409,1
2410,6
2411,8
2412,8
2413,12
2414,4
2415,2
2416,8
2417,6
2418,4
2419,6
2420,8
2421,8
2422,2
2423,3
2424,8
2425,3
2426,2
2427,12
2428,8
2429,12
2430,3
2431,4
2432,12
2433,3
2434,6
2435,16
2436,4
2437,9
2438,4
2439,3
2440,6
2441,16
2442,2
2443,12
2444,6
2445,3
2446,9
2447,3
2448,16
2449,16
2450,6
2451,12
2452,1
2453,4
2454,12
2455,3
2456,4
2457,4
2458,12
2459,6
2460,6
2461,2
2462,12
2463,12
2464,8
2465,9
2466,8
2467,4
2468,2
2469,8
2470,4
2471,9
2472,4
2473,4
2474,12
2475,6
2476,3
2477,12
2478,12
2479,8
2480,2
2481,6
2482,8
2483,12
2484,16
2485,16
2486,8
2487,4
2488,12
2489,6
2490,16
2491,3
2492,6
2493,6
2494,12
2495,3
2496,6
2497,12
2498,6
2499,4
2500,3
2501,8
2502,8
2503,2
2504,16
2505,9
2506,1
2507,16
2508,12
2509,4
2510,4
2511,12
2512,4
2513,2
2514,3
2515,1
2516,1
2517,6
2518,2
2519,6
2520,1
2521,4
2522,4
2523,6
2524,9
2525,2
2526,12
2527,1
2528,3
2529,6
2530,6
2531,4
2532,3
2533,12
2534,4
2535,3
2536,4
2537,9
2538,3
2539,3
2540,16
2541,4
2542,3
2543,3
2544,1
2545,12
2546,12
2547,6
2548,8
2549,1
2550,4
2551,16
2552,2
2553,4
2554,9
2555,2
2556,3
2557,8
2558,12
2559,3
2560,2
2561,8
2562,6
2563,12
2564,2
2565,4
2566,9
2567,3
2568,1
2569,2
2570,2
2571,8
2572,8
2573,4
2574,4
2575,2
2576,2
2577,16
2578,4
2579,3
2580,12
2581,16
2582,3
2583,12
2584,9
2585,6
2586,3
2587,6
2588,9
2589,2
2590,6
2591,3
2592,3
2593,3
2594,9
2595,9
2596,4
2597,12
2598,4
2599,3
2600,2
2601,3
2602,6
2603,6
2604,16
2605,12
2606,3
2607,2
2608,2
2609,2
2610,3
2611,16
2612,1
2613,6
2614,1
2615,2
2616,9
2617,4
2618,3
2619,4
2620,2
2621,4
2622,6
2623,2
2624,4
2625,6
2626,3
2627,2
2628,3
2629,8
2630,4
2631,4
2632,1
2633,3
2634,6
2635,9
2636,6
2637,12
2638,4
2639,16
2640,1
2641,4
2642,6
2643,1
2644,9
2645,8
2646,3
2647,9
2648,8
2649,12
2650,4
2651,4
2652,3
2653,1
2654,4
2655,3
2656,2
2657,4
2658,3
2659,8
2660,1
2661,12
2662,3
2663,8
2664,3
2665,8
2666,16
2667,8
2668,9
2669,3
2670,8
2671,12
2672,12
2673,12
2674,3
2675,2
2676,2
2677,3
2678,2
2679,2
2680,8
2681,3
2682,9
2683,16
2684,9
2685,4
2686,12
2687,8
2688,12
2689,8
2690,6
2691,2
2692,8
2693,4
2694,4
2695,4
2696,9
2697,4
2698,12
2699,2
2700,9
2701,12
2702,2
2703,4
2704,6
2705,1
2706,4
2707,3
2708,2
2709,2
2710,6
2711,9
2712,12
2713,4
2714,2
2715,6
2716,1
2717,8
2718,8
2719,6
2720,4
2721,3
2722,16
2723,4
2724,3
2725,2
2726,12
2727,3
2728,3
2729,8
2730,6
2731,9
2732,2
2733,3
2734,6
2735,12
2736,1
2737,12
2738,3
2739,2
2740,4
2741,12
2742,4
2743,6
2744,16
2745,9
2746,4
2747,4
2748,4
2749,3
2750,2
2751,2
2752,4
2753,8
2754,12
2755,4
2756,12
2757,3
2758,8
2759,4
2760,12
2761,2
2762,1
2763,8
2764,3
2765,4
2766,6
2767,6
2768,3
2769,8
2770,8
2771,8
2772,12
2773,3
2774,2
2775,4
2776,12
2777,4
2778,4
2779,8
2780,16
2781,9
2782,4
2783,4
2784,6
2785,1
2786,3
2787,6
2788,6
2789,4
2790,2
2791,4
2792,4
2793,9
2794,4
2795,6
2796,2
2797,12
2798,12
2799,6
2800,4
2801,12
2802,12
2803,9
2804,3
2805,1
2806,3
2807,3
2808,8
2809,2
2810,3
2811,2
2812,9
2813,4
2814,8
2815,8
2816,3
2817,4
2818,3
2819,4
2820,9
2821,9
2822,8
2823,2
2824,4
2825,12
2826,12
2827,9
2828,1
2829,4
2830,12
2831,1
2832,2
2833,8
2834,2
2835,4
2836,4
2837,12
2838,1
2839,4
2840,3
2841,4
2842,16
2843,12
2844,6
2845,4
2846,1
2847,8
2848,9
2849,6
2850,8
2851,4
2852,12
2853,6
2854,9
2855,3
2856,6
2857,8
2858,2
2859,1
2860,6
2861,2
2862,16
2863,3
2864,2
2865,3
2866,3
2867,4
2868,12
2869,6
2870,16
2871,6
2872,6
2873,16
2874,9
2875,3
2876,2
2877,12
2878,4
2879,3
2880,6
2881,12
2882,9
2883,8
2884,8
2885,8
2886,4
2887,6
2888,4
2889,3
2890,12
2891,12
2892,1
2893,8
2894,4
2895,8
2896,2
2897,8
2898,6
2899,3
2900,2
2901,4
2902,3
2903,4
2904,12
2905,3
2906,4
2907,9
2908,4
2909,3
2910,4
2911,4
2912,8
2913,12
2914,3
2915,8
2916,2
2917,2
2918,12
2919,1
2920,1
2921,3
2922,8
2923,2
2924,8
2925,8
2926,4
2927,6
2928,8
2929,12
2930,6
2931,4
2932,3
2933,12
2934,4
2935,9
2936,4
2937,4
2938,6
2939,12
2940,12
2941,8
2942,12
2943,12
2944,4
2945,8
2946,16
2947,6
2948,4
2949,1
2950,4
2951,6
2952,4
2953,1
2954,12
2955,2
2956,1
2957,4
2958,3
2959,4
2960,6
2961,2
2962,12
2963,2
2964,4
2965,2
2966,12
2967,3
2968,3
2969,4
2970,6
2971,9
2972,9
2973,2
2974,4
2975,4
2976,3
2977,12
2978,3
2979,2
2980,9
2981,8
2982,9
2983,6
2984,1
2985,9
2986,12
2987,4
2988,16
2989,1
2990,2
2991,3
2992,2
2993,4
2994,6
2995,6
2996,4
2997,6
2998,3
2999,4
3000,4
3001,4
3002,6
3003,3
3004,4
3005,16
3006,4
3007,6
3008,16
3009,8
3010,2
3011,9
3012,2
3013,3
3014,4
3015,8
3016,3
3017,3
3018,9
3019,4
3020,1
3021,12
3022,2
3023,4
3024,6
3025,12
3026,4
3027,12
3028,6
3029,4
3030,2
3031,9
3032,1
3033,4
3034,1
3035,8
3036,8
3037,1
3038,8
3039,9
3040,1
3041,16
3042,2
3043,16
3044,3
3045,4
3046,2
3047,4
3048,2
3049,3
3050,16
3051,3
3052,4
3053,3
3054,4
3055,12
3056,4
3057,9
3058,4
3059,3
3060,12
3061,3
3062,2
3063,3
3064,6
3065,2
3066,8
3067,12
3068,4
3069,1
3070,12
3071,1
3072,3
3073,2
3074,9
3075,6
3076,4
3077,3
3078,8
3079,3
3080,4
3081,6
3082,3
3083,2
3084,6
3085,4
3086,12
3087,3
3088,3
3089,4
3090,3
3091,4
3092,12
3093,9
3094,9
3095,8
3096,1
3097,1
3098,1
3099,6
3100,8
3101,2
3102,6
3103,2
3104,4
3105,12
3106,3
3107,2
3108,2
3109,8
3110,6
3111,3
3112,9
3113,2
3114,8
3115,1
3116,1
3117,6
3118,4
3119,12
3120,12
3121,9
3122,8
3123,16
3124,8
3125,9
3126,4
3127,2
3128,6
3129,4
3130,1
3131,1
3132,4
3133,9
3134,2
3135,2
3136,8
3137,6
3138,4
3139,8
3140,2
3141,6
3142,4
3143,4
3144,12
3145,8
3146,8
3147,2
3148,4
3149,8
3150,12
3151,6
3152,4
3153,2
3154,4
3155,16
3156,3
3157,3
3158,2
3159,8
3160,16
3161,4
3162,3
3163,4
3164,4
3165,6
3166,12
3167,6
3168,6
3169,6
3170,3
3171,6
3172,1
3173,2
3174,16
3175,4
3176,2
3177,16
3178,16
3179,12
3180,1
3181,6
3182,2
3183,3
3184,4
3185,4
3186,16
3187,1
3188,1
3189,8
3190,4
3191,6
3192,8
3193,12
3194,2
3195,3
3196,8
3197,6
3198,4
3199,1
3200,3
3201,4
3202,12
3203,3
3204,12
3205,8
3206,6
3207,4
3208,12
3209,1
3210,4
3211,6
3212,3
3213,4
3214,16
3215,2
3216,8
3217,12
3218,2
3219,12
3220,9
3221,4
3222,6
3223,2
3224,4
3225,4
3226,2
3227,12
3228,3
3229,3
3230,12
3231,4
3232,8
3233,12
3234,4
3235,2
3236,12
3237,2
3238,4
3239,3
3240,8
3241,6
3242,8
3243,2
3244,12
3245,9
3246,4
3247,9
3248,2
3249,4
3250,12
3251,6
3252,4
3253,12
3254,9
3255,12
3256,12
3257,8
3258,3
3259,6
3260,6
3261,12
3262,3
3263,8
3264,3
3265,2
3266,2
3267,1
3268,8
3269,2
3270,6
3271,3
3272,2
3273,2
3274,3
3275,6
3276,4
3277,8
3278,9
3279,1
3280,6
3281,3
3282,6
3283,12
3284,4
3285,2
3286,4
3287,6
3288,4
3289,9
3290,4
3291,6
3292,4
3293,2
3294,3
3295,16
3296,9
3297,8
3298,2
3299,3
3300,4
3301,12
3302,6
3303,4
3304,9
3305,9
3306,4
3307,12
3308,1
3309,9
3310,2
3311,3
3312,3
3313,2
3314,16
3315,2
3316,1
3317,2
3318,4
3319,1
3320,12
3321,16
3322,3
3323,3
3324,6
3325,4
3326,8
3327,8
3328,2
3329,12
3330,16
3331,3
3332,12
3333,2
3334,4
3335,2
3336,3
3337,12
3338,1
3339,2
3340,3
3341,16
3342,6
3343,8
3344,4
3345,3
3346,2
3347,4
3348,1
3349,6
3350,4
3351,12
3352,2
3353,4
3354,12
3355,4
3356,6
3357,3
3358,1
3359,6
3360,8
3361,2
3362,2
3363,3
3364,3
3365,1
3366,2
3367,12
3368,4
3369,8
3370,8
3371,2
3372,1
3373,12
3374,8
3375,3
3376,1
3377,2
3378,4
3379,3
3380,4
3381,8
3382,1
3383,16
3384,4
3385,1
3386,9
3387,1
3388,3
3389,2
3390,12
3391,12
3392,12
3393,8
3394,4
3395,6
3396,8
3397,2
3398,4
3399,4
3400,2
3401,4
3402,8
3403,8
3404,4
3405,3
3406,8
3407,2
3408,4
3409,2
3410,4
3411,4
3412,1
3413,4
3414,12
3415,8
3416,2
3417,4
3418,2
3419,16
3420,9
3421,3
3422,4
3423,9
3424,12
3425,8
3426,2
3427,12
3428,4
3429,3
3430,1
3431,4
3432,6
3433,12
3434,12
3435,9
3436,1
3437,8
3438,12
3439,6
3440,3
3441,4
3442,1
3443,8
3444,6
3445,4
3446,8
3447,8
3448,8
3449,6
3450,3
3451,1
3452,8
3453,12
3454,2
3455,8
3456,3
3457,6
3458,12
3459,12
3460,16
3461,12
3462,4
3463,12
3464,6
3465,2
3466,3
3467,4
3468,9
3469,9
3470,8
3471,4
3472,2
3473,4
3474,2
3475,16
3476,2
3477,1
3478,6
3479,4
3480,8
3481,1
3482,2
3483,8
3484,6
3485,1
3486,3
3487,3
3488,12
3489,2
3490,8
3491,2
3492,3
3493,4
3494,6
3495,8
3496,12
3497,2
3498,2
3499,3
3500,4
3501,12
3502,12
3503,3
3504,8
3505,4
3506,2
3507,4
3508,3
3509,4
3510,12
3511,12
3512,12
3513,8
3514,3
3515,8
3516,8
3517,12
3518,8
3519,2
3520,3
3521,4
3522,2
3523,8
3524,16
3525,12
3526,6
3527,6
3528,6
3529,6
3530,1
3531,16
3532,3
3533,9
3534,9
3535,4
3536,3
3537,2
3538,2
3539,8
3540,3
3541,12
3542,4
3543,8
3544,9
3545,4
3546,8
3547,4
3548,2
3549,1
3550,3
3551,12
3552,3
3553,12
3554,2
3555,6
3556,2
3557,2
3558,1
3559,1
3560,12
3561,16
3562,16
3563,8
3564,3
3565,1
3566,3
3567,4
3568,8
3569,16
3570,1
3571,12
3572,4
3573,3
3574,4
3575,1
3576,6
3577,16
3578,6
3579,3
3580,8
3581,6
3582,12
3583,16
3584,6
3585,4
3586,12
3587,4
3588,3
3589,1
3590,12
3591,6
3592,6
3593,1
3594,1
3595,2
3596,1
3597,3
3598,8
3599,16
3600,12
3601,3
3602,3
3603,4
3604,16
3605,1
3606,4
3607,4
3608,12
3609,16
3610,4
3611,8
3612,12
3613,8
3614,12
3615,1
3616,1
3617,12
3618,9
3619,4
3620,3
3621,3
3622,8
3623,4
3624,12
3625,1
3626,8
3627,4
3628,12
3629,8
3630,6
3631,3
3632,6
3633,4
3634,4
3635,3
3636,4
3637,1
3638,6
3639,8
3640,4
3641,9
3642,12
3643,8
3644,8
3645,16
3646,6
3647,6
3648,2
3649,12
3650,6
3651,4
3652,6
3653,8
3654,4
3655,2
3656,16
3657,3
3658,9
3659,4
3660,4
3661,3
3662,12
3663,4
3664,4
3665,8
3666,12
3667,3
3668,8
3669,6
3670,2
3671,4
3672,8
3673,2
3674,6
3675,8
3676,4
3677,2
3678,4
3679,8
3680,9
3681,8
3682,12
3683,12
3684,2
3685,3
3686,16
3687,3
3688,2
3689,8
3690,8
3691,9
3692,4
3693,2
3694,2
3695,4
3696,8
3697,16
3698,1
3699,6
3700,3
3701,1
3702,8
3703,4
3704,16
3705,4
3706,16
3707,3
3708,2
3709,3
3710,8
3711,4
3712,12
3713,3
3714,9
3715,4
3716,4
3717,4
3718,2
3719,4
3720,3
3721,3
3722,1
3723,1
3724,16
3725,3
3726,8
3727,3
3728,4
3729,8
3730,6
3731,6
3732,12
3733,3
3734,16
3735,4
3736,12
3737,6
3738,8
3739,6
3740,8
3741,3
3742,8
3743,1
3744,16
3745,16
3746,9
3747,4
3748,2
3749,3
3750,6
3751,9
3752,12
3753,9
3754,4
3755,4
3756,12
3757,3
3758,4
3759,1
3760,12
3761,6
3762,4
3763,12
3764,6
3765,8
3766,8
3767,6
3768,8
3769,12
3770,3
3771,16
3772,9
3773,12
3774,12
3775,2
3776,6
3777,1
3778,16
3779,12
3780,1
3781,16
3782,1
3783,4
3784,12
3785,6
3786,1
3787,1
3788,8
3789,2
3790,8
3791,9
3792,12
3793,8
3794,3
3795,9
3796,4
3797,6
3798,3
3799,12
3800,2
3801,2
3802,3
3803,2
3804,4
3805,4
3806,12
3807,4
3808,4
3809,1
3810,4
3811,4
3812,4
3813,2
3814,4
3815,1
3816,12
3817,12
3818,6
3819,4
3820,4
3821,2
3822,16
3823,4
3824,8
3825,2
3826,6
3827,12
3828,9
3829,6
3830,8
3831,4
3832,12
3833,6
3834,8
3835,9
3836,2
3837,4
3838,9
3839,16
3840,16
3841,3
3842,8
3843,2
3844,9
3845,6
3846,9
3847,8
3848,8
3849,8
3850,4
3851,12
3852,3
3853,4
3854,1
3855,6
3856,3
3857,6
3858,9
3859,4
3860,2
3861,4
3862,4
3863,12
3864,3
3865,4
3866,2
3867,4
3868,16
3869,4
3870,6
3871,16
3872,3
3873,2
3874,2
3875,4
3876,3
3877,12
3878,4
3879,4
3880,2
3881,4
3882,4
3883,12
3884,6
3885,4
3886,4
3887,2
3888,4
3889,9
3890,6
3891,9
3892,2
3893,12
3894,8
3895,2
3896,3
3897,3
3898,3
3899,3
3900,2
3901,9
3902,16
3903,1
3904,1
3905,12
3906,2
3907,4
3908,4
3909,6
3910,8
3911,9
3912,4
3913,16
3914,1
3915,9
3916,4
3917,8
3918,1
3919,12
3920,1
3921,4
3922,3
3923,6
3924,2
3925,1
3926,8
3927,3
3928,4
3929,1
3930,8
3931,12
3932,4
3933,16
3934,4
3935,8
3936,12
3937,6
3938,9
3939,9
3940,3
3941,12
3942,12
3943,6
3944,4
3945,2
3946,4
3947,3
3948,4
3949,3
3950,4
3951,3
3952,9
3953,6
3954,8
3955,2
3956,6
3957,2
3958,12
3959,4
3960,4
3961,3
3962,16
3963,9
3964,6
3965,3
3966,1
3967,12
3968,8
3969,12
3970,4
3971,12
3972,2
3973,12
3974,12
3975,12
3976,4
3977,2
3978,3
3979,4
3980,6
3981,4
3982,6
3983,3
3984,6
3985,3
3986,2
3987,4
3988,1
3989,9
3990,8
3991,2
3992,6
3993,6
3994,4
3995,4
3996,8
3997,3
3998,12
3999,12
4000,1
4001,3
4002,1
4003,3
4004,2
4005,6
4006,4
4007,2
4008,8
4009,1
4010,16
4011,9
4012,4
4013,2
4014,3
4015,1
4016,6
4017,2
4018,6
4019,3
4020,2
4021,2
4022,6
4023,2
4024,2
4025,6
4026,9
4027,3
4028,8
4029,12
4030,6
4031,6
4032,16
4033,1
4034,3
4035,1
4036,6
4037,6
4038,6
4039,9
4040,4
4041,12
4042,1
4043,12
4044,12
4045,9
4046,4
4047,8
4048,1
4049,16
4050,16
4051,9
4052,3
4053,9
4054,12
4055,12
4056,6
4057,16
4058,4
4059,6
4060,3
4061,3
4062,2
4063,16
4064,4
4065,12
4066,8
4067,8
4068,3
4069,1
4070,8
4071,2
4072,3
4073,12
4074,1
4075,4
4076,8
4077,3
4078,2
4079,4
4080,4
4081,9
4082,8
4083,3
4084,6
4085,2
4086,4
4087,8
4088,12
4089,6
4090,2
4091,4
4092,3
4093,2
4094,2
4095,6
4096,6
4097,3
4098,1
4099,2
4100,6
4101,2
4102,8
4103,4
4104,9
4105,9
4106,2
4107,9
4108,4
4109,3
4110,1
4111,1
4112,1
4113,3
4114,6
4115,16
4116,2
4117,2
4118,6
4119,12
4120,4
4121,1
4122,1
4123,2
4124,8
4125,12
4126,8
4127,8
4128,2
4129,6
4130,12
4131,3
4132,6
4133,16
4134,8
4135,4
4136,12
4137,1
4138,3
4139,6
4140,4
4141,2
4142,12
4143,4
4144,8
4145,8
4146,4
4147,3
4148,4
4149,1
4150,3
4151,4
4152,4
4153,1
4154,6
4155,2
4156,2
4157,8
4158,3
4159,12
4160,12
4161,8
4162,12
4163,4
4164,3
4165,6
4166,3
4167,4
4168,12
4169,3
4170,8
4171,2
4172,16
4173,1
4174,2
4175,12
4176,4
4177,2
4178,3
4179,12
4180,8
4181,2
4182,12
4183,12
4184,8
4185,6
4186,4
4187,6
4188,4
4189,4
4190,2
4191,4
4192,4
4193,4
4194,3
4195,12
4196,2
4197,16
4198,2
4199,2
4200,16
4201,8
4202,8
4203,3
4204,9
4205,16
4206,4
4207,3
4208,6
4209,3
4210,12
4211,4
4212,9
4213,6
4214,12
4215,4
4216,2
4217,4
4218,1
4219,4
4220,4
4221,3
4222,4
4223,12
4224,16
4225,3
4226,8
4227,2
4228,8
4229,4
4230,1
4231,3
4232,6
4233,3
4234,2
4235,4
4236,2
4237,2
4238,3
4239,3
4240,2
4241,2
4242,2
4243,8
4244,9
4245,8
4246,2
4247,1
4248,12
4249,8
4250,8
4251,8
4252,12
4253,16
4254,4
4255,4
4256,12
4257,4
4258,1
4259,16
4260,4
4261,3
4262,2
4263,2
4264,4
4265,1
4266,4
4267,12
4268,4
4269,1
4270,12
4271,4
4272,2
4273,4
4274,1
4275,4
4276,4
4277,9
4278,6
4279,9
4280,4
4281,6
4282,6
4283,8
4284,3
4285,4
4286,9
4287,9
4288,3
4289,2
4290,3
4291,6
4292,6
4293,16
4294,4
4295,4
4296,8
4297,16
4298,8
4299,4
4300,16
4301,9
4302,6
4303,2
4304,12
4305,4
4306,2
4307,8
4308,3
4309,2
4310,2
4311,6
4312,4
4313,6
4314,3
4315,6
4316,12
4317,4
4318,3
4319,3
4320,6
4321,4
4322,12
4323,2
4324,1
4325,1
4326,16
4327,3
4328,3
4329,3
4330,16
4331,6
4332,12
4333,8
4334,2
4335,2
4336,6
4337,4
4338,16
4339,3
4340,12
4341,4
4342,1
4343,9
4344,8
4345,4
4346,3
4347,12
4348,6
4349,4
4350,3
4351,6
4352,2
4353,3
4354,8
4355,6
4356,6
4357,4
4358,6
4359,16
4360,3
4361,12
4362,6
4363,12
4364,3
4365,2
4366,6
4367,6
4368,12
4369,16
4370,4
4371,4
4372,3
4373,2
4374,12
4375,16
4376,12
4377,4
4378,2
4379,6
4380,3
4381,8
4382,4
4383,8
4384,4
4385,12
4386,4
4387,6
4388,12
4389,12
4390,16
4391,3
4392,12
4393,3
4394,2
4395,8
4396,1
4397,3
4398,4
4399,9
4400,3
4401,16
4402,3
4403,2
4404,3
4405,4
4406,4
4407,6
4408,3
4409,2
4410,3
4411,12
4412,8
4413,4
4414,6
4415,3
4416,1
4417,12
4418,2
4419,1
4420,4
4421,1
4422,6
4423,16
4424,12
4425,2
4426,6
4427,4
4428,6
4429,6
4430,6
4431,12
4432,1
4433,4
4434,16
4435,4
4436,12
4437,8
4438,3
4439,12
4440,6
4441,4
4442,4
4443,16
4444,4
4445,16
4446,3
4447,2
4448,4
4449,2
4450,9
4451,16
4452,16
4453,4
4454,6
4455,8
4456,6
4457,16
4458,12
4459,4
4460,6
4461,3
4462,1
4463,4
4464,2
4465,3
4466,4
4467,1
4468,12
4469,16
4470,9
4471,6
4472,8
4473,1
4474,9
4475,2
4476,8
4477,12
4478,16
4479,12
4480,6
4481,4
4482,8
4483,6
4484,12
4485,3
4486,8
4487,2
4488,9
4489,4
4490,8
4491,4
4492,8
4493,4
4494,2
4495,6
4496,2
4497,4
4498,12
4499,6
4500,4
4501,2
4502,2
4503,12
4504,3
4505,8
4506,2
4507,16
4508,6
4509,3
4510,6
4511,4
4512,8
4513,8
4514,4
4515,2
4516,6
4517,6
4518,4
4519,4
4520,2
4521,4
4522,1
4523,2
4524,2
4525,6
4526,3
4527,9
4528,6
4529,12
4530,4
4531,3
4532,9
4533,8
4534,16
4535,4
4536,3
4537,12
4538,2
4539,8
4540,8
4541,1
4542,6
4543,16
4544,3
4545,8
4546,6
4547,4
4548,2
4549,16
4550,8
4551,6
4552,4
4553,4
4554,2
4555,9
4556,6
4557,2
4558,12
4559,3
4560,8
4561,8
4562,16
4563,8
4564,8
4565,2
4566,6
4567,6
4568,4
4569,3
4570,8
4571,4
4572,8
4573,12
4574,6
4575,9
4576,8
4577,2
4578,9
4579,1
4580,6
4581,12
4582,4
4583,3
4584,2
4585,9
4586,4
4587,12
4588,4
4589,12
4590,9
4591,1
4592,9
4593,8
4594,6
4595,4
4596,6
4597,4
4598,12
4599,12
4600,3
4601,3
4602,6
4603,6
4604,16
4605,8
4606,16
4607,1
4608,3
4609,6
4610,8
4611,12
4612,1
4613,8
4614,4
4615,6
4616,8
4617,4
4618,6
4619,3
4620,4
4621,12
4622,12
4623,6
4624,2
4625,8
4626,12
4627,1
4628,3
4629,2
4630,6
4631,2
4632,4
4633,12
4634,9
4635,4
4636,8
4637,4
4638,3
4639,6
4640,16
4641,2
4642,9
4643,3
4644,1
4645,4
4646,8
4647,8
4648,8
4649,16
4650,3
4651,1
4652,1
4653,2
4654,3
4655,16
4656,1
4657,16
4658,6
4659,16
4660,4
4661,6
4662,8
4663,6
4664,2
4665,2
4666,8
4667,4
4668,8
4669,6
4670,1
4671,3
4672,16
4673,8
4674,6
4675,6
4676,3
4677,6
4678,3
4679,2
4680,4
4681,2
4682,12
4683,4
4684,12
4685,4
4686,8
4687,3
4688,4
4689,4
4690,6
4691,8
4692,12
4693,4
4694,4
4695,8
4696,2
4697,8
4698,8
4699,16
4700,1
4701,3
4702,16
4703,4
4704,3
4705,9
4706,9
4707,3
4708,8
4709,8
4710,3
4711,2
4712,4
4713,2
4714,12
4715,9
4716,6
4717,1
4718,3
4719,8
4720,8
4721,8
4722,3
4723,9
4724,3
4725,1
4726,4
4727,3
4728,4
4729,3
4730,12
4731,12
4732,8
4733,16
4734,6
4735,3
4736,4
4737,4
4738,6
4739,2
4740,3
4741,6
4742,6
4743,9
4744,1
4745,1
4746,16
4747,3
4748,6
4749,4
4750,3
4751,2
4752,2
4753,2
4754,2
4755,9
4756,4
4757,4
4758,2
4759,16
4760,4
4761,4
4762,6
4763,2
4764,4
4765,6
4766,16
4767,6
4768,4
4769,4
4770,2
4771,4
4772,8
4773,3
4774,3
4775,4
4776,12
4777,12
4778,6
4779,12
4780,4
4781,6
4782,6
4783,9
4784,1
4785,12
4786,16
4787,8
4788,9
4789,8
4790,8
4791,4
4792,4
4793,12
4794,12
4795,2
4796,2
4797,2
4798,16
4799,9
4800,3
4801,8
4802,9
4803,8
4804,6
4805,3
4806,16
4807,6
4808,12
4809,3
4810,4
4811,8
4812,6
4813,12
4814,2
4815,6
4816,3
4817,4
4818,12
4819,8
4820,12
4821,3
4822,12
4823,4
4824,4
4825,12
4826,3
4827,1
4828,8
4829,16
4830,2
4831,2
4832,3
4833,3
4834,3
4835,16
4836,4
4837,1
4838,12
4839,4
4840,12
4841,12
4842,2
4843,8
4844,4
4845,2
4846,2
4847,8
4848,3
4849,2
4850,12
4851,12
4852,9
4853,4
4854,2
4855,1
4856,6
4857,1
4858,4
4859,4
4860,3
4861,1
4862,4
4863,16
4864,12
4865,9
4866,9
4867,6
4868,12
4869,9
4870,8
4871,12
4872,6
4873,4
4874,6
4875,4
4876,6
4877,2
4878,1
4879,9
4880,3
4881,9
4882,8
4883,1
4884,1
4885,8
4886,12
4887,12
4888,4
4889,1
4890,4
4891,4
4892,4
4893,3
4894,2
4895,12
4896,2
4897,2
4898,2
4899,4
4900,4
4901,4
4902,4
4903,1
4904,12
4905,2
4906,3
4907,12
4908,6
4909,4
4910,4
4911,12
4912,6
4913,4
4914,3
4915,3
4916,12
4917,4
4918,6
4919,6
4920,4
4921,12
4922,4
4923,4
4924,4
4925,2
4926,6
4927,4
4928,1
4929,1
4930,3
4931,2
4932,12
4933,1
4934,6
4935,4
4936,8
4937,3
4938,8
4939,1
4940,2
4941,4
4942,2
4943,8
4944,3
4945,8
4946,1
4947,6
4948,3
4949,3
4950,3
4951,2
4952,4
4953,1
4954,1
4955,2
4956,16
4957,12
4958,4
4959,2
4960,2
4961,4
4962,4
4963,2
4964,3
4965,9
4966,4
4967,1
4968,6
4969,2
4970,16
4971,16
4972,12
4973,16
4974,3
4975,12
4976,6
4977,2
4978,6
4979,9
4980,9
4981,8
4982,4
4983,4
4984,16
4985,2
4986,12
4987,3
4988,2
4989,12
4990,3
4991,6
4992,12
4993,1
4994,2
4995,8
4996,16
4997,16
4998,6
4999,4
5000,2
5001,4
5002,9
5003,16
5004,12
5005,3
5006,4
5007,4
5008,8
5009,3
5010,2
5011,2
5012,16
5013,12
5014,2
5015,6
5016,1
5017,3
5018,16
5019,2
5020,1
5021,4
5022,8
5023,1
5024,12
5025,8
5026,16
5027,9
5028,4
5029,12
5030,4
5031,2
5032,12
5033,16
5034,9
5035,8
5036,4
5037,2
5038,12
5039,6
5040,12
5041,4
5042,8
5043,1
5044,8
5045,1
5046,9
5047,2
5048,4
5049,16
5050,12
5051,4
5052,9
5053,6
5054,2
5055,4
5056,8
5057,2
5058,4
5059,8
5060,2
5061,4
5062,8
5063,6
5064,16
5065,12
5066,4
5067,6
5068,3
5069,4
5070,4
5071,9
5072,6
5073,3
5074,4
5075,16
5076,4
5077,6
5078,4
5079,4
5080,12
5081,3
5082,8
5083,8
5084,3
5085,8
5086,8
5087,16
5088,6
5089,16
5090,4
5091,8
5092,4
5093,8
5094,9
5095,4
5096,8
5097,3
5098,1
5099,4
5100,16
5101,16
5102,6
5103,16
5104,9
5105,3
5106,2
5107,1
5108,6
5109,3
5110,8
5111,8
5112,12
5113,4
5114,9
5115,2
5116,8
5117,12
5118,4
5119,12
5120,3
5121,12
5122,8
5123,6
5124,6
5125,9
5126,4
5127,8
5128,3
5129,3
5130,9
5131,2
5132,3
5133,6
5134,12
5135,2
5136,3
5137,12
5138,3
5139,3
5140,2
5141,16
5142,4
5143,4
5144,3
5145,2
5146,6
5147,12
5148,3
5149,2
5150,3
5151,6
5152,1
5153,2
5154,2
5155,8
5156,2
5157,2
5158,16
5159,4
5160,12
5161,4
5162,8
5163,12
5164,12
5165,6
5166,6
5167,6
5168,3
5169,3
5170,4
5171,4
5172,12
5173,16
5174,4
5175,12
5176,4
5177,4
5178,9
5179,12
5180,2
5181,2
5182,1
5183,4
5184,4
5185,9
5186,3
5187,3
5188,2
5189,12
5190,16
5191,3
5192,4
5193,2
5194,2
5195,12
5196,4
5197,12
5198,12
5199,12
5200,16
5201,3
5202,3
5203,1
5204,12
5205,2
5206,1
5207,8
5208,1
5209,8
5210,3
5211,8
5212,3
5213,12
5214,3
5215,3
5216,4
5217,2
5218,12
5219,8
5220,3
5221,6
5222,6
5223,3
5224,4
5225,2
5226,6
5227,9
5228,2
5229,8
5230,4
5231,4
5232,9
5233,4
5234,2
5235,6
5236,16
5237,3
5238,6
5239,1
5240,3
5241,12
5242,16
5243,4
5244,12
5245,16
5246,3
5247,4
5248,4
5249,2
5250,16
5251,8
5252,12
5253,4
5254,3
5255,2
5256,6
5257,12
5258,6
5259,2
5260,2
5261,12
5262,6
5263,8
5264,6
5265,1
5266,3
5267,3
5268,3
5269,16
5270,9
5271,3
5272,1
5273,3
5274,12
5275,4
5276,8
5277,1
5278,3
5279,4
5280,1
5281,4
5282,16
5283,9
5284,3
5285,3
5286,2
5287,2
5288,4
5289,2
5290,3
5291,12
5292,3
5293,6
5294,3
5295,3
5296,8
5297,3
5298,2
5299,12
5300,2
5301,4
5302,16
5303,3
5304,9
5305,6
5306,6
5307,8
5308,4
5309,4
5310,6
5311,3
5312,3
5313,6
5314,8
5315,2
5316,2
5317,6
5318,12
5319,8
5320,4
5321,9
5322,4
5323,3
5324,8
5325,8
5326,1
5327,8
5328,12
5329,16
5330,8
5331,1
5332,4
5333,16
5334,12
5335,16
5336,3
5337,2
5338,8
5339,12
5340,3
5341,6
5342,8
5343,1
5344,12
5345,6
5346,2
5347,3
5348,3
5349,3
5350,3
5351,4
5352,4
5353,4
5354,1
5355,16
5356,6
5357,12
5358,16
5359,8
5360,2
5361,12
5362,6
5363,8
5364,16
5365,8
5366,6
5367,2
5368,8
5369,8
5370,6
5371,3
5372,12
5373,12
5374,6
5375,12
5376,8
5377,1
5378,3
5379,4
5380,3
5381,1
5382,2
5383,3
5384,8
5385,4
5386,9
5387,4
5388,4
5389,1
5390,9
5391,3
5392,1
5393,2
5394,12
5395,8
5396,3
5397,6
5398,4
5399,4
5400,4
5401,3
5402,9
5403,6
5404,3
5405,4
5406,8
5407,4
5408,9
5409,12
5410,4
5411,1
5412,9
5413,3
5414,4
5415,8
5416,16
5417,2
5418,1
5419,8
5420,12
5421,6
5422,2
5423,4
5424,3
5425,2
5426,9
5427,1
5428,1
5429,16
5430,3
5431,4
5432,12
5433,4
5434,4
5435,1
5436,4
5437,8
5438,3
5439,4
5440,16
5441,3
5442,12
5443,16
5444,3
5445,4
5446,1
5447,4
5448,12
5449,4
5450,6
5451,1
5452,9
5453,12
5454,3
5455,3
5456,8
5457,6
5458,6
5459,4
5460,3
5461,9
5462,4
5463,6
5464,1
5465,3
5466,3
5467,8
5468,4
5469,4
5470,3
5471,1
5472,2
5473,8
5474,3
5475,12
5476,4
5477,6
5478,4
5479,9
5480,9
5481,8
5482,12
5483,2
5484,1
5485,4
5486,3
5487,3
5488,2
5489,12
5490,2
5491,6
5492,9
5493,12
5494,8
5495,12
5496,12
5497,16
5498,6
5499,1
5500,2
5501,4
5502,3
5503,8
5504,8
5505,8
5506,3
5507,12
5508,16
5509,2
5510,2
5511,2
5512,4
5513,3
5514,4
5515,2
5516,8
5517,2
5518,4
5519,6
5520,8
5521,3
5522,4
5523,3
5524,3
5525,8
5526,8
5527,4
5528,3
5529,4
5530,4
5531,6
5532,12
5533,6
5534,6
5535,4
5536,4
5537,16
5538,2
5539,16
5540,4
5541,16
5542,12
5543,3
5544,8
5545,6
5546,3
5547,8
5548,4
5549,8
5550,3
5551,12
5552,12
5553,3
5554,6
5555,4
5556,2
5557,2
5558,3
5559,16
5560,3
5561,6
5562,3
5563,8
5564,4
5565,2
5566,8
5567,2
5568,8
5569,12
5570,2
5571,2
5572,8
5573,8
5574,2
5575,8
5576,4
5577,8
5578,4
5579,2
5580,3
5581,3
5582,8
5583,6
5584,8
5585,2
5586,6
5587,12
5588,2
5589,12
5590,4
5591,6
5592,2
5593,8
5594,2
5595,3
5596,4
5597,8
5598,12
5599,6
5600,3
5601,6
5602,6
5603,6
5604,4
5605,4
5606,16
5607,4
5608,2
5609,6
5610,16
5611,4
5612,3
5613,2
5614,12
5615,2
5616,3
5617,4
5618,3
5619,3
5620,12
5621,4
5622,16
5623,8
5624,6
5625,4
5626,12
5627,8
5628,4
5629,1
5630,6
5631,6
5632,3
5633,2
5634,9
5635,8
5636,12
5637,6
5638,16
5639,16
5640,4
5641,3
5642,12
5643,8
5644,4
5645,6
5646,8
5647,1
5648,4
5649,1
5650,2
5651,2
5652,6
5653,9
5654,2
5655,6
5656,4
5657,12
5658,1
5659,4
5660,2
5661,2
5662,12
5663,12
5664,3
5665,16
5666,8
5667,8
5668,2
5669,8
5670,3
5671,3
5672,2
5673,4
5674,4
5675,6
5676,16
5677,12
5678,6
5679,8
5680,2
5681,1
5682,9
5683,16
5684,4
5685,3
5686,4
5687,4
5688,8
5689,3
5690,4
5691,1
5692,12
5693,3
5694,4
5695,8
5696,4
5697,4
5698,3
5699,3
5700,8
5701,3
5702,4
5703,2
5704,8
5705,8
5706,4
5707,8
5708,1
5709,12
5710,2
5711,4
5712,12
5713,8
5714,6
5715,4
5716,6
5717,4
5718,12
5719,8
5720,9
5721,16
5722,6
5723,6
5724,12
5725,9
5726,6
5727,12
5728,2
5729,3
5730,1
5731,12
5732,3
5733,8
5734,4
5735,1
5736,6
5737,16
5738,2
5739,8
5740,16
5741,6
5742,16
5743,6
5744,12
5745,6
5746,6
5747,1
5748,3
5749,4
5750,4
5751,2
5752,4
5753,12
5754,12
5755,12
5756,3
5757,8
5758,16
5759,4
5760,12
5761,8
5762,6
5763,9
5764,4
5765,4
5766,8
5767,2
5768,12
5769,4
5770,2
5771,9
5772,8
5773,12
5774,6
5775,12
5776,2
5777,2
5778,12
5779,3
5780,1
5781,4
5782,12
5783,8
5784,9
5785,2
5786,2
5787,2
5788,3
5789,3
5790,6
5791,3
5792,16
5793,8
5794,9
5795,9
5796,1
5797,2
5798,12
5799,6
5800,4
5801,4
5802,4
5803,2
5804,8
5805,8
5806,6
5807,4
5808,3
5809,4
5810,8
5811,3
5812,4
5813,2
5814,6
5815,8
5816,3
5817,4
5818,4
5819,8
5820,1
5821,2
5822,1
5823,1
5824,1
5825,16
5826,2
5827,8
5828,4
5829,4
5830,1
5831,12
5832,8
5833,1
5834,3
5835,8
5836,8
5837,2
5838,6
5839,6
5840,8
5841,9
5842,12
5843,9
5844,4
5845,3
5846,2
5847,8
5848,8
5849,16
5850,2
5851,12
5852,12
5853,8
5854,3
5855,6
5856,8
5857,8
5858,2
5859,6
5860,8
5861,8
5862,8
5863,9
5864,8
5865,12
5866,16
5867,6
5868,2
5869,1
5870,2
5871,2
5872,8
5873,6
5874,2
5875,2
5876,12
5877,1
5878,12
5879,4
5880,16
5881,8
5882,9
5883,9
5884,3
5885,4
5886,4
5887,1
5888,2
5889,6
5890,6
5891,6
5892,2
5893,8
5894,12
5895,4
5896,4
5897,1
5898,12
5899,2
5900,3
5901,6
5902,16
5903,4
5904,4
5905,8
5906,16
5907,2
5908,2
5909,2
5910,1
5911,4
5912,4
5913,4
5914,12
5915,2
5916,6
5917,12
5918,4
5919,9
5920,2
5921,1
5922,4
5923,4
5924,1
5925,8
5926,6
5927,3
5928,16
5929,4
5930,6
5931,2
5932,3
5933,3
5934,6
5935,4
5936,1
5937,2
5938,16
5939,4
5940,12
5941,1
5942,2
5943,1
5944,12
5945,6
5946,4
5947,4
5948,4
5949,1
5950,1
5951,8
5952,6
5953,2
5954,8
5955,9
5956,2
5957,2
5958,4
5959,12
5960,4
5961,3
5962,4
5963,4
5964,4
5965,4
5966,2
5967,16
5968,9
5969,16
5970,6
5971,6
5972,16
5973,6
5974,3
5975,3
5976,1
5977,2
5978,2
5979,1
5980,3
5981,12
5982,12
5983,2
5984,2
5985,4
5986,16
5987,1
5988,16
5989,12
5990,8
5991,12
5992,1
5993,6
5994,6
5995,2
5996,8
5997,3
5998,6
5999,12
6000,4
6001,8
6002,6
6003,8
6004,8
6005,2
6006,6
6007,3
6008,16
6009,1
6010,2
6011,6
6012,2
6013,12
6014,16
6015,16
6016,16
6017,1
6018,3
6019,8
6020,8
6021,1
6022,12
6023,12
6024,3
6025,8
6026,6
6027,4
6028,9
6029,9
6030,6
6031,9
6032,4
6033,1
6034,3
6035,2
6036,2
6037,12
6038,4
6039,8
6040,6
6041,1
6042,8
6043,16
6044,12
6045,9
6046,16
6047,4
6048,1
6049,3
6050,6
6051,8
6052,3
6053,1
6054,8
6055,3
6056,4
6057,6
6058,3
6059,4
6060,2
6061,8
6062,6
6063,9
6064,6
6065,8
6066,6
6067,3
6068,3
6069,6
6070,12
6071,3
6072,4
6073,3
6074,4
6075,6
6076,8
6077,3
6078,9
6079,6
6080,2
6081,2
6082,12
6083,3
6084,12
6085,4
6086,3
6087,1
6088,9
6089,16
6090,16
6091,4
6092,12
6093,3
6094,1
6095,6
6096,12
6097,8
6098,3
6099,3
6100,2
6101,1
6102,16
6103,6
6104,6
6105,4
6106,2
6107,12
6108,9
6109,12
6110,8
6111,8
6112,4
6113,9
6114,2
6115,4
6116,2
6117,2
6118,8
6119,4
6120,9
6121,6
6122,3
6123,1
6124,2
6125,2
6126,1
6127,4
6128,1
6129,3
6130,9
6131,4
6132,8
6133,4
6134,3
6135,9
6136,2
6137,8
6138,4
6139,2
6140,4
6141,3
6142,9
6143,3
6144,4
6145,3
6146,3
6147,9
6148,12
6149,8
6150,4
6151,2
6152,1
6153,12
6154,2
6155,4
6156,8
6157,4
6158,2
6159,6
6160,3
6161,4
6162,12
6163,8
6164,6
6165,4
6166,4
6167,9
6168,12
6169,3
6170,8
6171,3
6172,4
6173,8
6174,6
6175,4
6176,8
6177,1
6178,2
6179,1
6180,3
6181,4
6182,12
6183,8
6184,2
6185,1
6186,12
6187,2
6188,12
6189,8
6190,2
6191,2
6192,4
6193,3
6194,2
6195,2
6196,1
6197,1
6198,2
6199,12
6200,9
6201,3
6202,16
6203,12
6204,9
6205,4
6206,8
6207,8
6208,8
6209,4
6210,8
6211,4
6212,12
6213,1
6214,6
6215,8
6216,2
6217,1
6218,12
6219,8
6220,2
6221,16
6222,1
6223,8
6224,6
6225,4
6226,3
6227,16
6228,4
6229,1
6230,6
6231,8
6232,4
6233,4
6234,12
6235,3
6236,4
6237,12
6238,1
6239,2
6240,12
6241,4
6242,2
6243,8
6244,12
6245,1
6246,2
6247,4
6248,3
6249,9
6250,6
6251,4
6252,2
6253,12
6254,4
6255,12
6256,4
6257,2
6258,2
6259,8
6260,2
6261,6
6262,6
6263,2
6264,2
6265,6
6266,12
6267,4
6268,12
6269,6
6270,16
6271,12
6272,9
6273,8
6274,2
6275,6
6276,4
6277,6
6278,6
6279,6
6280,2
6281,2
6282,3
6283,3
6284,8
6285,8
6286,3
6287,6
6288,12
6289,8
6290,4
6291,16
6292,2
6293,12
6294,2
6295,4
6296,4
6297,3
6298,12
6299,2
6300,3
6301,3
6302,6
6303,8
6304,3
6305,9
6306,6
6307,12
6308,4
6309,3
6310,3
6311,9
6312,6
6313,8
6314,6
6315,2
6316,16
6317,8
6318,8
6319,1
6320,16
6321,3
6322,2
6323,3
6324,9
6325,3
6326,16
6327,12
6328,4
6329,1
6330,3
6331,12
6332,2
6333,1
6334,6
6335,1
6336,6
6337,8
6338,3
6339,1
6340,8
6341,2
6342,2
6343,8
6344,4
6345,1
6346,2
6347,2
6348,16
6349,4
6350,4
6351,4
6352,2
6353,4
6354,6
6355,12
6356,1
6357,9
6358,3
6359,2
6360,4
6361,6
6362,16
6363,3
6364,12
6365,1
6366,12
6367,4
6368,3
6369,4
6370,2
6371,12
6372,2
6373,16
6374,4
6375,6
6376,6
6377,16
6378,8
6379,1
6380,6
6381,12
6382,8
6383,4
6384,3
6385,3
6386,16
6387,9
6388,8
6389,16
6390,1
6391,16
6392,8
6393,4
6394,4
6395,8
6396,12
6397,8
6398,9
6399,2
6400,2
6401,2
6402,1
6403,4
6404,3
6405,12
6406,6
6407,6
6408,3
6409,2
6410,12
6411,4
6412,2
6413,4
6414,16
6415,2
6416,3
6417,12
6418,12
6419,3
6420,4
6421,9
6422,12
6423,3
6424,8
6425,2
6426,8
6427,9
6428,16
6429,2
6430,12
6431,2
6432,12
6433,1
6434,6
6435,3
6436,4
6437,9
6438,4
6439,2
6440,4
6441,6
6442,4
6443,4
6444,16
6445,8
6446,12
6447,3
6448,4
6449,2
6450,4
6451,4
6452,12
6453,8
6454,6
6455,1
6456,16
6457,1
6458,4
6459,3
6460,12
6461,8
6462,16
6463,6
6464,4
6465,4
6466,8
6467,2
6468,8
6469,4
6470,4
6471,16
6472,6
6473,9
6474,9
6475,3
6476,16
6477,3
6478,4
6479,4
6480,8
6481,6
6482,16
6483,9
6484,12
6485,4
6486,3
6487,4
6488,2
6489,4
6490,3
6491,2
6492,4
6493,12
6494,9
6495,3
6496,2
6497,3
6498,9
6499,4
6500,12
6501,3
6502,2
6503,2
6504,4
6505,12
6506,3
6507,9
6508,16
6509,8
6510,6
6511,3
6512,12
6513,2
6514,2
6515,8
6516,4
6517,8
6518,1
6519,4
6520,8
6521,8
6522,12
6523,9
6524,12
6525,12
6526,2
6527,3
6528,2
6529,6
6530,3
6531,2
6532,12
6533,2
6534,12
6535,9
6536,4
6537,4
6538,4
6539,8
6540,3
6541,3
6542,6
6543,8
6544,4
6545,4
6546,6
6547,2
6548,12
6549,4
6550,6
6551,1
6552,9
6553,4
6554,12
6555,4
6556,12
6557,12
6558,3
6559,4
6560,12
6561,2
6562,4
6563,16
6564,2
6565,12
6566,4
6567,4
6568,4
6569,1
6570,12
6571,16
6572,3
6573,9
6574,16
6575,1
6576,8
6577,12
6578,3
6579,8
6580,3
6581,8
6582,3
6583,6
6584,2
6585,3
6586,6
6587,4
6588,6
6589,4
6590,16
6591,1
6592,4
6593,6
6594,3
6595,6
6596,16
6597,3
6598,4
6599,8
6600,2
6601,8
6602,3
6603,12
6604,3
6605,16
6606,4
6607,2
6608,16
6609,3
6610,4
6611,9
6612,1
6613,8
6614,1
6615,4
6616,3
6617,12
6618,1
6619,6
6620,12
6621,6
6622,6
6623,16
6624,9
6625,2
6626,2
6627,8
6628,3
6629,16
6630,6
6631,4
6632,2
6633,6
6634,8
6635,6
6636,2
6637,9
6638,2
6639,2
6640,2
6641,3
6642,12
6643,8
6644,9
6645,16
6646,4
6647,8
6648,8
6649,2
6650,2
6651,6
6652,9
6653,12
6654,3
6655,3
6656,3
6657,12
6658,2
6659,4
6660,2
6661,12
6662,6
6663,3
6664,16
6665,16
6666,8
6667,4
6668,3
6669,6
6670,6
6671,3
6672,9
6673,9
6674,6
6675,4
6676,9
6677,4
6678,4
6679,4
6680,1
6681,6
6682,9
6683,8
6684,6
6685,3
6686,8
6687,4
6688,8
6689,4
6690,1
6691,6
6692,16
6693,3
6694,3
6695,2
6696,3
6697,12
6698,4
6699,6
6700,2
6701,3
6702,6
6703,3
6704,3
6705,4
6706,6
6707,1
6708,2
6709,4
6710,6
6711,4
6712,4
6713,8
6714,2
6715,12
6716,3
6717,4
6718,2
6719,2
6720,4
6721,1
6722,12
6723,6
6724,16
6725,3
6726,12
6727,12
6728,12
6729,6
6730,2
6731,1
6732,4
6733,2
6734,6
6735,6
6736,3
6737,6
6738,9
6739,1
6740,4
6741,2
6742,4
6743,8
6744,4
6745,4
6746,3
6747,4
6748,3
6749,3
6750,2
6751,2
6752,6
6753,3
6754,3
6755,3
6756,8
6757,4
6758,3
6759,4
6760,4
6761,6
6762,2
6763,8
6764,3
6765,8
6766,9
6767,1
6768,12
6769,8
6770,2
6771,8
6772,8
6773,4
6774,4
6775,2
6776,3
6777,8
6778,1
6779,16
6780,4
6781,8
6782,8
6783,1
6784,2
6785,6
6786,2
6787,3
6788,8
6789,2
6790,3
6791,6
6792,3
6793,2
6794,6
6795,4
6796,4
6797,8
6798,12
6799,8
6800,4
6801,2
6802,9
6803,9
6804,6
6805,4
6806,2
6807,16
6808,3
6809,3
6810,6
6811,3
6812,8
6813,12
6814,8
6815,1
6816,12
6817,8
6818,3
6819,1
6820,8
6821,12
6822,12
6823,4
6824,1
6825,16
6826,3
6827,1
6828,4
6829,12
6830,1
6831,8
6832,8
6833,6
6834,12
6835,6
6836,8
6837,9
6838,8
6839,12
6840,8
6841,2
6842,1
6843,6
6844,2
6845,16
6846,9
6847,3
6848,4
6849,16
6850,4
6851,3
6852,2
6853,6
6854,3
6855,2
6856,6
6857,9
6858,4
6859,2
6860,2
6861,6
6862,4
6863,9
6864,6
6865,12
6866,6
6867,8
6868,6
6869,9
6870,2
6871,4
6872,6
6873,2
6874,8
6875,1
6876,8
6877,3
6878,8
6879,3
6880,8
6881,8
6882,4
6883,2
6884,2
6885,16
6886,16
6887,2
6888,3
6889,1
6890,4
6891,6
6892,12
6893,3
6894,3
6895,3
6896,2
6897,3
6898,8
6899,4
6900,3
6901,9
6902,3
6903,3
6904,4
6905,6
6906,3
6907,12
6908,12
6909,12
6910,8
6911,4
6912,8
6913,12
6914,2
6915,6
6916,3
6917,12
6918,6
6919,8
6920,4
6921,6
6922,4
6923,12
6924,2
6925,4
6926,2
6927,2
6928,16
6929,1
6930,2
6931,8
6932,4
6933,2
6934,4
6935,1
6936,8
6937,4
6938,12
6939,1
6940,12
6941,16
6942,1
6943,9
6944,8
6945,12
6946,9
6947,3
6948,6
6949,8
6950,4
6951,16
6952,3
6953,12
6954,3
6955,6
6956,9
6957,6
6958,2
6959,3
6960,12
6961,8
6962,2
6963,12
6964,6
6965,3
6966,3
6967,2
6968,8
6969,12
6970,6
6971,6
6972,3
6973,4
6974,4
6975,3
6976,4
6977,12
6978,2
6979,4
6980,3
6981,4
6982,4
6983,6
6984,1
6985,4
6986,4
6987,4
6988,12
6989,2
6990,16
6991,9
6992,9
6993,8
6994,3
6995,6
6996,6
6997,8
6998,1
6999,8
7000,1
7001,12
7002,1
7003,1
7004,8
7005,3
7006,3
7007,2
7008,3
7009,2
7010,16
7011,6
7012,1
7013,8
7014,8
7015,6
7016,3
7017,4
7018,4
7019,12
7020,6
7021,4
7022,3
7023,3
7024,3
7025,3
7026,9
7027,4
7028,4
7029,2
7030,6
7031,8
7032,8
7033,3
7034,12
7035,3
7036,4
7037,3
7038,8
7039,4
7040,3
7041,1
7042,6
7043,2
7044,2
7045,2
7046,6
7047,4
7048,1
7049,8
7050,8
7051,4
7052,8
7053,16
7054,4
7055,16
7056,8
7057,1
7058,4
7059,6
7060,12
7061,8
7062,2
7063,12
7064,4
7065,12
7066,4
7067,4
7068,3
7069,4
7070,6
7071,8
7072,16
7073,3
7074,2
7075,8
7076,16
7077,16
7078,1
7079,9
7080,12
7081,12
7082,9
7083,1
7084,2
7085,4
7086,6
7087,6
7088,12
7089,3
7090,8
7091,4
7092,1
7093,6
7094,12
7095,6
7096,4
7097,8
7098,2
7099,8
7100,4
7101,8
7102,6
7103,1
7104,9
7105,4
7106,9
7107,2
7108,6
7109,12
7110,8
7111,6
7112,8
7113,3
7114,9
7115,4
7116,8
7117,4
7118,2
7119,8
7120,1
7121,2
7122,6
7123,4
7124,4
7125,2
7126,12
7127,2
7128,4
7129,8
7130,6
7131,9
7132,6
7133,8
7134,12
7135,4
7136,8
7137,16
7138,6
7139,2
7140,2
7141,12
7142,6
7143,2
7144,9
7145,12
7146,2
7147,8
7148,6
7149,12
7150,6
7151,1
7152,2
7153,3
7154,3
7155,3
7156,9
7157,12
7158,3
7159,2
7160,12
7161,3
7162,12
7163,12
7164,8
7165,9
7166,12
7167,9
7168,2
7169,4
7170,2
7171,6
7172,16
7173,6
7174,1
7175,1
7176,2
7177,12
7178,8
7179,8
7180,8
7181,9
7182,1
7183,8
7184,12
7185,12
7186,1
7187,4
7188,1
7189,4
7190,9
7191,12
7192,3
7193,12
7194,12
7195,8
7196,16
7197,2
7198,3
7199,6
7200,4
7201,9
7202,3
7203,3
7204,6
7205,8
7206,8
7207,6
7208,2
7209,4
7210,3
7211,2
7212,4
7213,6
7214,2
7215,12
7216,16
7217,8
7218,6
7219,6
7220,8
7221,8
7222,3
7223,6
7224,12
7225,4
7226,4
7227,2
7228,12
7229,12
7230,2
7231,9
7232,1
7233,6
7234,8
7235,8
7236,2
7237,2
7238,2
7239,9
7240,3
7241,8
7242,3
7243,6
7244,3
7245,9
7246,1
7247,3
7248,4
7249,1
7250,12
7251,8
7252,8
7253,1
7254,3
7255,6
7256,12
7257,3
7258,6
7259,3
7260,9
7261,2
7262,8
7263,8
7264,8
7265,1
7266,6
7267,8
7268,2
7269,8
7270,2
7271,3
7272,6
7273,6
7274,3
7275,9
7276,12
7277,1
7278,6
7279,6
7280,2
7281,2
7282,6
7283,1
7284,12
7285,6
7286,4
7287,6
7288,2
7289,2
7290,4
7291,4
7292,3
7293,3
7294,9
7295,3
7296,8
7297,3
7298,4
7299,3
7300,6
7301,8
7302,6
7303,2
7304,4
7305,6
7306,6
7307,3
7308,3
7309,4
7310,2
7311,3
7312,8
7313,9
7314,6
7315,1
7316,3
7317,2
7318,3
7319,8
7320,1
7321,4
7322,4
7323,3
7324,2
7325,8
7326,1
7327,12
7328,8
7329,3
7330,9
7331,2
7332,16
7333,2
7334,12
7335,1
7336,8
7337,4
7338,9
7339,2
7340,8
7341,2
7342,12
7343,12
7344,8
7345,8
7346,6
7347,12
7348,12
7349,2
7350,16
7351,12
7352,3
7353,6
7354,8
7355,8
7356,12
7357,6
7358,2
7359,1
7360,6
7361,8
7362,8
7363,3
7364,12
7365,2
7366,8
7367,6
7368,1
7369,4
7370,3
7371,12
7372,3
7373,3
7374,8
7375,1
7376,12
7377,12
7378,4
7379,8
7380,16
7381,6
7382,12
7383,2
7384,9
7385,8
7386,4
7387,16
7388,3
7389,16
7390,3
7391,16
7392,4
7393,6
7394,6
7395,8
7396,4
7397,8
7398,6
7399,2
7400,12
7401,3
7402,6
7403,6
7404,4
7405,3
7406,4
7407,16
7408,4
7409,4
7410,8
7411,4
7412,12
7413,3
7414,1
7415,6
7416,4
7417,3
7418,9
7419,2
7420,2
7421,2
7422,8
7423,2
7424,1
7425,2
7426,2
7427,3
7428,8
7429,4
7430,4
7431,12
7432,6
7433,4
7434,16
7435,12
7436,2
7437,12
7438,3
7439,8
7440,4
7441,2
7442,6
7443,3
7444,9
7445,8
7446,12
7447,4
7448,4
7449,12
7450,6
7451,4
7452,12
7453,8
7454,8
7455,4
7456,12
7457,9
7458,2
7459,6
7460,6
7461,6
7462,4
7463,3
7464,2
7465,4
7466,16
7467,1
7468,3
7469,2
7470,1
7471,8
7472,3
7473,3
7474,8
7475,3
7476,8
7477,16
7478,12
7479,12
7480,6
7481,4
7482,6
7483,2
7484,4
7485,12
7486,16
7487,8
7488,6
7489,4
7490,4
7491,6
7492,1
7493,16
7494,9
7495,1
7496,1
7497,3
7498,12
7499,3
7500,4
7501,4
7502,4
7503,4
7504,2
7505,8
7506,12
7507,3
7508,8
7509,16
7510,8
7511,12
7512,8
7513,1
7514,3
7515,4
7516,3
7517,4
7518,3
7519,1
7520,1
7521,8
7522,12
7523,12
7524,6
7525,8
7526,2
7527,9
7528,4
7529,4
7530,2
7531,6
7532,16
7533,4
7534,6
7535,3
7536,8
7537,16
7538,9
7539,4
7540,3
7541,4
7542,2
7543,4
7544,16
7545,2
7546,3
7547,3
7548,4
7549,8
7550,12
7551,6
7552,4
7553,4
7554,16
7555,9
7556,6
7557,6
7558,8
7559,3
7560,12
7561,6
7562,12
7563,1
7564,12
7565,3
7566,3
7567,2
7568,4
7569,2
7570,9
7571,3
7572,2
7573,4
7574,4
7575,6
7576,3
7577,4
7578,1
7579,1
7580,12
7581,6
7582,12
7583,1
7584,4
7585,12
7586,4
7587,1
7588,9
7589,12
7590,9
7591,3
7592,1
7593,12
7594,2
7595,4
7596,16
7597,1
7598,1
7599,6
7600,16
7601,2
7602,4
7603,12
7604,8
7605,16
7606,16
7607,8
7608,8
7609,6
7610,4
7611,8
7612,9
7613,4
7614,4
7615,3
7616,12
7617,6
7618,6
7619,2
7620,8
7621,2
7622,6
7623,6
7624,4
7625,1
7626,8
7627,6
7628,6
7629,12
7630,8
7631,4
7632,4
7633,8
7634,6
7635,2
7636,1
7637,2
7638,8
7639,4
7640,1
7641,2
7642,3
7643,16
7644,3
7645,4
7646,9
7647,1
7648,3
7649,8
7650,9
7651,8
7652,3
7653,3
7654,16
7655,4
7656,8
7657,8
7658,4
7659,2
7660,6
7661,16
7662,2
7663,9
7664,12
7665,1
7666,12
7667,16
7668,6
7669,4
7670,3
7671,4
7672,3
7673,2
7674,1
7675,6
7676,6
7677,1
7678,1
7679,4
7680,2
7681,1
7682,9
7683,3
7684,2
7685,2
7686,12
7687,9
7688,2
7689,6
7690,8
7691,1
7692,4
7693,12
7694,4
7695,9
7696,2
7697,6
7698,4
7699,12
7700,6
7701,8
7702,3
7703,4
7704,1
7705,4
7706,1
7707,12
7708,3
7709,2
7710,1
7711,4
7712,4
7713,2
7714,1
7715,4
7716,2
7717,1
7718,8
7719,2
7720,16
7721,4
7722,12
7723,1
7724,16
7725,3
7726,1
7727,8
7728,8
7729,4
7730,6
7731,12
7732,16
7733,9
7734,9
7735,6
7736,2
7737,12
7738,12
7739,1
7740,1
7741,3
7742,4
7743,4
7744,6
7745,12
7746,6
7747,8
7748,12
7749,2
7750,2
7751,2
7752,12
7753,6
7754,6
7755,3
7756,2
7757,4
7758,12
7759,12
7760,8
7761,1
7762,16
7763,6
7764,12
7765,4
7766,4
7767,3
7768,8
7769,9
7770,4
7771,4
7772,6
7773,16
7774,9
7775,12
7776,1
7777,12
7778,8
7779,1
7780,8
7781,3
7782,12
7783,4
7784,3
7785,2
7786,8
7787,1
7788,3
7789,4
7790,8
7791,2
7792,16
7793,2
7794,2
7795,1
7796,2
7797,8
7798,2
7799,3
7800,1
7801,6
7802,2
7803,2
7804,8
7805,2
7806,4
7807,3
7808,3
7809,4
7810,1
7811,3
7812,2
7813,1
7814,16
7815,4
7816,2
7817,3
7818,9
7819,6
7820,6
7821,2
7822,3
7823,4
7824,8
7825,9
7826,12
7827,9
7828,4
7829,4
7830,9
7831,8
7832,2
7833,4
7834,8
7835,2
7836,3
7837,12
7838,2
7839,3
7840,3
7841,16
7842,4
7843,8
7844,12
7845,8
7846,12
7847,2
7848,8
7849,4
7850,12
7851,3
7852,8
7853,9
7854,16
7855,16
7856,8
7857,6
7858,4
7859,6
7860,8
7861,3
7862,9
7863,12
7864,12
7865,4
7866,8
7867,16
7868,2
7869,12
7870,12
7871,2
7872,8
7873,4
7874,16
7875,16
7876,3
7877,8
7878,3
7879,4
7880,12
7881,6
7882,4
7883,2
7884,4
7885,2
7886,1
7887,6
7888,4
7889,1
7890,9
7891,12
7892,4
7893,2
7894,12
7895,12
7896,4
7897,6
7898,6
7899,8
7900,2
7901,2
7902,8
7903,3
7904,8
7905,12
7906,6
7907,8
7908,8
7909,3
7910,12
7911,1
7912,4
7913,4
7914,9
7915,16
7916,3
7917,3
7918,2
7919,12
7920,8
7921,8
7922,16
7923,3
7924,2
7925,4
7926,1
7927,4
7928,12
7929,6
7930,1
7931,8
7932,6
7933,16
7934,12
7935,3
7936,12
7937,3
7938,4
7939,4
7940,2
7941,2
7942,6
7943,12
7944,4
7945,6
7946,6
7947,12
7948,9
7949,3
7950,4
7951,12
7952,6
7953,3
7954,4
7955,1
7956,6
7957,12
7958,6
7959,9
7960,12
7961,2
7962,8
7963,4
7964,9
7965,12
7966,12
7967,8
7968,12
7969,8
7970,16
7971,8
7972,1
7973,12
7974,6
7975,1
7976,8
7977,8
7978,4
7979,3
7980,6
7981,9
7982,4
7983,4
7984,6
7985,6
7986,3
7987,12
7988,4
7989,8
7990,2
7991,6
7992,12
7993,6
7994,6
7995,8
7996,4
7997,3
7998,4
7999,16
8000,6
8001,2
8002,6
8003,1
8004,12
8005,4
8006,1
8007,6
8008,2
8009,8
8010,6
8011,8
8012,12
8013,4
8014,12
8015,4
8016,12
8017,4
8018,1
8019,12
8020,8
8021,1
8022,4
8023,3
8024,6
8025,4
8026,4
8027,6
8028,4
8029,8
8030,3
8031,4
8032,2
8033,16
8034,6
8035,8
8036,2
8037,1
8038,4
8039,6
8040,8
8041,8
8042,2
8043,6
8044,16
8045,4
8046,2
8047,6
8048,3
8049,4
8050,1
8051,16
8052,6
8053,1
8054,8
8055,12
8056,8
8057,8
8058,3
8059,12
8060,2
8061,2
8062,1
8063,9
8064,12
8065,1
8066,3
8067,1
8068,2
8069,6
8070,12
8071,12
8072,12
8073,6
8074,16
8075,12
8076,8
8077,12
8078,4
8079,3
8080,9
8081,6
8082,2
8083,6
8084,16
8085,2
8086,6
8087,3
8088,8
8089,16
8090,2
8091,12
8092,12
8093,1
8094,16
8095,3
8096,6
8097,6
8098,4
8099,2
8100,3
8101,1
8102,1
8103,4
8104,1
8105,3
8106,12
8107,12
8108,16
8109,12
8110,6
8111,3
8112,1
8113,1
8114,4
8115,8
8116,4
8117,4
8118,3
8119,4
8120,3
8121,4
8122,6
8123,16
8124,12
8125,4
8126,1
8127,12
8128,1
8129,1
8130,2
8131,8
8132,12
8133,9
8134,4
8135,6
8136,16
8137,8
8138,4
8139,1
8140,8
8141,9
8142,6
8143,12
8144,2
8145,4
8146,8
8147,4
8148,3
8149,8
8150,9
8151,3
8152,8
8153,2
8154,8
8155,1
8156,3
8157,8
8158,8
8159,4
8160,12
8161,2
8162,2
8163,1
8164,8
8165,6
8166,16
8167,1
8168,4
8169,6
8170,4
8171,3
8172,1
8173,8
8174,6
8175,4
8176,2
8177,4
8178,12
8179,3
8180,4
8181,6
8182,1
8183,4
8184,6
8185,6
8186,8
8187,12
8188,12
8189,12
8190,2
8191,12
8192,3
8193,2
8194,4
8195,6
8196,4
8197,12
8198,4
8199,12
8200,16
8201,4
8202,6
8203,8
8204,12
8205,6
8206,8
8207,2
8208,1
8209,8
8210,8
8211,3
8212,6
8213,4
8214,6
8215,1
8216,3
8217,4
8218,4
8219,16
8220,3
8221,8
8222,4
8223,3
8224,12
8225,6
8226,4
8227,9
8228,8
8229,6
8230,6
8231,12
8232,3
8233,2
8234,2
8235,4
8236,3
8237,2
8238,3
8239,12
8240,1
8241,4
8242,3
8243,2
8244,3
8245,12
8246,8
8247,1
8248,8
8249,3
8250,6
8251,2
8252,8
8253,9
8254,2
8255,12
8256,3
8257,16
8258,4
8259,6
8260,3
8261,3
8262,8
8263,4
8264,8
8265,4
8266,16
8267,1
8268,12
8269,8
8270,16
8271,4
8272,8
8273,2
8274,4
8275,2
8276,8
8277,2
8278,4
8279,1
8280,4
8281,8
8282,2
8283,8
8284,3
8285,6
8286,9
8287,4
8288,4
8289,4
8290,8
8291,4
8292,4
8293,4
8294,1
8295,16
8296,8
8297,6
8298,12
8299,8
8300,4
8301,12
8302,9
8303,8
8304,8
8305,1
8306,6
8307,12
8308,8
8309,12
8310,2
8311,8
8312,16
8313,9
8314,9
8315,12
8316,12
8317,6
8318,8
8319,12
8320,2
8321,16
8322,9
8323,4
8324,4
8325,4
8326,1
8327,3
8328,4
8329,4
8330,2
8331,16
8332,8
8333,2
8334,6
8335,2
8336,3
8337,8
8338,3
8339,6
8340,16
8341,9
8342,8
8343,12
8344,9
8345,12
8346,2
8347,4
8348,8
8349,4
8350,12
8351,8
8352,2
8353,4
8354,4
8355,8
8356,2
8357,4
8358,4
8359,2
8360,6
8361,2
8362,9
8363,12
8364,2
8365,6
8366,8
8367,6
8368,9
8369,4
8370,6
8371,4
8372,1
8373,3
8374,4
8375,9
8376,8
8377,9
8378,4
8379,16
8380,6
8381,4
8382,4
8383,1
8384,3
8385,3
8386,2
8387,4
8388,6
8389,8
8390,6
8391,6
8392,3
8393,4
8394,1
8395,3
8396,1
8397,16
8398,4
8399,3
8400,4
8401,3
8402,2
8403,3
8404,9
8405,6
8406,16
8407,16
8408,2
8409,6
8410,4
8411,4
8412,2
8413,12
8414,16
8415,8
8416,8
8417,2
8418,6
8419,6
8420,4
8421,9
8422,12
8423,1
8424,3
8425,3
8426,2
8427,2
8428,4
8429,12
8430,2
8431,12
8432,4
8433,2
8434,4
8435,12
8436,8
8437,3
8438,1
8439,4
8440,16
8441,12
8442,4
8443,2
8444,3
8445,16
8446,12
8447,16
8448,8
8449,6
8450,16
8451,8
8452,2
8453,8
8454,4
8455,4
8456,6
8457,3
8458,6
8459,2
8460,16
8461,4
8462,3
8463,2
8464,3
8465,4
8466,2
8467,9
8468,16
8469,6
8470,4
8471,8
8472,3
8473,9
8474,9
8475,2
8476,6
8477,3
8478,12
8479,3
8480,4
8481,6
8482,12
8483,12
8484,6
8485,6
8486,8
8487,3
8488,3
8489,4
8490,1
8491,2
8492,12
8493,8
8494,6
8495,4
8496,2
8497,1
8498,6
8499,2
8500,2
8501,8
8502,8
8503,16
8504,6
8505,16
8506,12
8507,2
8508,6
8509,8
8510,2
8511,3
8512,6
8513,2
8514,8
8515,6
8516,3
8517,2
8518,3
8519,12
8520,2
8521,6
8522,12
8523,8
8524,8
8525,12
8526,1
8527,2
8528,9
8529,6
8530,6
8531,12
8532,16
8533,1
8534,8
8535,4
8536,6
8537,3
8538,3
8539,9
8540,12
8541,6
8542,6
8543,2
8544,8
8545,2
8546,3
8547,6
8548,16
8549,2
8550,4
8551,16
8552,3
8553,8
8554,6
8555,4
8556,3
8557,1
8558,2
8559,1
8560,4
8561,12
8562,6
8563,4
8564,6
8565,8
8566,4
8567,1
8568,4
8569,8
8570,1
8571,2
8572,1
8573,6
8574,2
8575,3
8576,4
8577,8
8578,12
8579,3
8580,4
8581,4
8582,9
8583,3
8584,8
8585,8
8586,4
8587,2
8588,12
8589,4
8590,12
8591,16
8592,2
8593,6
8594,4
8595,12
8596,8
8597,4
8598,1
8599,2
8600,1
8601,6
8602,9
8603,6
8604,12
8605,9
8606,4
8607,6
8608,4
8609,3
8610,8
8611,1
8612,8
8613,16
8614,4
8615,4
8616,2
8617,9
8618,4
8619,3
8620,12
8621,1
8622,3
8623,4
8624,4
8625,3
8626,4
8627,8
8628,12
8629,6
8630,3
8631,9
8632,9
8633,2
8634,3
8635,12
8636,8
8637,2
8638,9
8639,16
8640,3
8641,4
8642,12
8643,12
8644,8
8645,2
8646,3
8647,6
8648,12
8649,1
8650,4
8651,9
8652,4
8653,4
8654,4
8655,4
8656,1
8657,12
8658,9
8659,12
8660,6
8661,12
8662,8
8663,2
8664,1
8665,3
8666,4
8667,8
8668,8
8669,6
8670,2
8671,8
8672,12
8673,3
8674,9
8675,1
8676,6
8677,9
8678,1
8679,16
8680,2
8681,3
8682,12
8683,3
8684,6
8685,4
8686,12
8687,6
8688,2
8689,6
8690,4
8691,2
8692,3
8693,4
8694,3
8695,6
8696,8
8697,2
8698,2
8699,9
8700,6
8701,3
8702,3
8703,4
8704,4
8705,8
8706,3
8707,4
8708,6
8709,8
8710,3
8711,12
8712,4
8713,1
8714,2
8715,1
8716,12
8717,16
8718,6
8719,6
8720,8
8721,3
8722,4
8723,3
8724,4
8725,12
8726,4
8727,12
8728,1
8729,12
8730,3
8731,12
8732,2
8733,8
8734,4
8735,3
8736,2
8737,16
8738,12
8739,6
8740,2
8741,12
8742,16
8743,16
8744,4
8745,2
8746,12
8747,3
8748,3
8749,2
8750,3
8751,2
8752,2
8753,2
8754,9
8755,3
8756,1
8757,4
8758,12
8759,8
8760,1
8761,9
8762,3
8763,4
8764,6
8765,3
8766,2
8767,1
8768,1
8769,16
8770,1
8771,2
8772,1
8773,4
8774,6
8775,12
8776,3
8777,6
8778,12
8779,4
8780,3
8781,4
8782,6
8783,2
8784,12
8785,3
8786,4
8787,16
8788,3
8789,2
8790,12
8791,4
8792,3
8793,9
8794,4
8795,9
8796,6
8797,3
8798,4
8799,16
8800,3
8801,8
8802,12
8803,6
8804,4
8805,2
8806,4
8807,16
8808,12
8809,2
8810,9
8811,12
8812,4
8813,1
8814,4
8815,2
8816,12
8817,9
8818,6
8819,3
8820,8
8821,3
8822,3
8823,6
8824,4
8825,12
8826,9
8827,6
8828,8
8829,16
8830,3
8831,8
8832,12
8833,6
8834,6
8835,4
8836,2
8837,16
8838,16
8839,2
8840,3
8841,1
8842,4
8843,3
8844,9
8845,12
8846,3
8847,12
8848,12
8849,4
8850,1
8851,3
8852,8
8853,1
8854,1
8855,3
8856,6
8857,4
8858,1
8859,16
8860,6
8861,6
8862,3
8863,1
8864,12
8865,2
8866,1
8867,4
8868,6
8869,4
8870,8
8871,12
8872,4
8873,4
8874,6
8875,6
8876,12
8877,8
8878,2
8879,12
8880,16
8881,2
8882,8
8883,4
8884,6
8885,8
8886,2
8887,3
8888,4
8889,16
8890,12
8891,3
8892,3
8893,3
8894,12
8895,8
8896,6
8897,6
8898,2
8899,6
8900,9
8901,4
8902,4
8903,2
8904,6
8905,8
8906,3
8907,8
8908,2
8909,4
8910,4
8911,4
8912,4
8913,4
8914,4
8915,4
8916,12
8917,16
8918,16
8919,6
8920,8
8921,12
8922,8
8923,4
8924,1
8925,12
8926,6
8927,6
8928,12
8929,16
8930,4
8931,4
8932,9
8933,2
8934,12
8935,4
8936,6
8937,16
8938,8
8939,6
8940,6
8941,8
8942,4
8943,2
8944,4
8945,8
8946,6
8947,6
8948,2
8949,6
8950,6
8951,3
8952,6
8953,4
8954,2
8955,4
8956,2
8957,9
8958,12
8959,12
8960,12
8961,3
8962,4
8963,16
8964,4
8965,2
8966,1
8967,4
8968,1
8969,4
8970,2
8971,4
8972,3
8973,3
8974,4
8975,6
8976,6
8977,3
8978,12
8979,6
8980,16
8981,4
8982,1
8983,16
8984,2
8985,1
8986,16
8987,3
8988,16
8989,8
8990,4
8991,12
8992,8
8993,3
8994,8
8995,4
8996,8
8997,3
8998,12
8999,3
